Sentence #	Word	POS	Tag	
Sentence: 1	rt	~	O
	@URL:	N	O
	@URL	@	O
	publishes	V	O
	exciting	A	O
	phiii	N	O
	trial	N	O
	results	N	O
	for	P	O
	#eliquis	^	O
	(apixaban)	^	O
	suggesting	V	O
	a	D	O
	hopeful	A	O
	alternative	N	O
	for	P	O
	vte	N	O
	#isth20à	#	O
	0	0	O
Sentence: 2	get	V	O
	some	D	O
	abreva	^	O
	and	&	O
	rub	V	O
	it	O	O
	on	P	O
	your	D	O
	cock	N	O
	b4	P	O
	u	O	O
	use	V	O
	it	O	O
	next.	A	O
	or	&	O
	take	V	O
	some	D	O
	avelox.	N	O
	0	0	O
Sentence: 3	#download	#	O
	avelox	^	O
	-	,	O
	a	D	O
	medical	A	O
	dictionary,	N	O
	bibliography,	N	O
	and	&	O
	annotated	A	O
	research	N	O
	guide	N	O
	to	P	O
	internet	N	O
	references	N	O
	-	,	O
	icon	N	O
	health...	N	O
	@URL	@	O
	0	0	O
Sentence: 4	@URL	@	O
	@URL	@	O
	i	O	O
	don't	V	O
	know	V	O
	what	O	O
	that	O	O
	has	V	O
	to	P	O
	do	V	O
	w/	P	O
	me.	O	O
	avelox	V	O
	has	V	O
	hurt	V	O
	my	D	O
	connective	A	B-ADR
	tissue,lungs	N	I-ADR
	and	&	O
	thyroid.	N	O
	i	O	O
	guess	V	O
	i	O	O
	should	V	O
	feel	V	O
	lucky	A	O
	0	0	O
Sentence: 5	i	O	O
	am	V	O
	never	R	O
	taking	V	O
	baclofen	N	O
	and	&	O
	norflex	V	O
	the	D	O
	same	A	O
	day	N	O
	again.	R	O
	first	A	O
	i	O	O
	felt	V	O
	super	R	O
	drowsy	A	B-ADR
	but	&	O
	now	R	O
	i	O	O
	feel	V	O
	extremely	R	O
	high	A	B-ADR
	and	&	O
	it's	L	O
	freaking	V	O
	me	O	O
	out.	T	O
	0	0	O
Sentence: 6	baclofen	^	O
	gives	V	O
	me	O	O
	a	D	O
	head	N	O
	high	A	B-ADR
	but	&	O
	it	O	O
	makes	V	O
	me	O	O
	feel	V	B-ADR
	like	P	I-ADR
	throwing	V	I-ADR
	up	T	I-ADR
	after.	P	O
	ugh.	!	O
	#thestruggle	#	O
	0	0	O
Sentence: 7	@URL	@	O
	@URL	@	O
	question	N	O
	about	P	O
	sleeping	V	O
	probs	R	O
	at	P	O
	night.	N	O
	anyone	N	O
	else	R	O
	encountering	V	O
	this?baclofen	O	O
	perhaps?	R	O
	cheers	N	O
	x	G	O
	0	0	O
Sentence: 8	@URL	@	O
	@URL	@	O
	@URL	@	O
	@URL	@	O
	cause	P	O
	here	R	O
	is	V	O
	baclofen	D	O
	toxicity(mostly)not	N	O
	bd.no	U	O
	plausible	A	O
	cause	P	O
	but	&	O
	testing	V	O
	was	V	O
	done,caveat	V	O
	0	0	O
Sentence: 9	the	D	O
	cipro	N	O
	in	P	O
	you	O	O
	eyes	N	O
	burns	V	B-ADR
	but	&	O
	works	V	O
	its	L	O
	buffered	V	O
	for	P	O
	your	D	O
	ears	N	O
	seems	V	O
	stupid	A	O
	but	&	O
	if	P	O
	they	O	O
	take	V	O
	your	D	O
	life	N	O
	take	V	O
	it	O	O
	back	R	O
	0	0	O
Sentence: 10	got	V	O
	a	D	O
	script	N	O
	of	P	O
	cipro	N	O
	for	P	O
	a	D	O
	uti	N	B-ADR
	for	P	O
	#motherday.	#	O
	lol,	!	O
	thank	V	O
	god	^	O
	for	P	O
	walk	V	O
	in	P	O
	clinics.	N	O
	0	0	O
Sentence: 11	the	D	O
	pathway	N	O
	of	P	O
	cipro	N	O
	is	V	O
	definitely	R	O
	murdering	V	B-ADR
	my	D	I-ADR
	mind	N	I-ADR
	right	R	O
	now	R	O
	?	,	O
	#donedonedone	#	O
	0	0	O
Sentence: 12	the	D	O
	fluoroquinolone	^	O
	syndrome	^	O
	&lt;-have	V	O
	you	O	O
	experienced	V	O
	side	N	O
	effects	N	O
	from	P	O
	taking	V	O
	quinolones	D	O
	antibiotics	N	O
	(e.g.	G	O
	cipro)	N	O
	?	,	O
	0	0	O
Sentence: 13	starting	V	O
	the	D	O
	cipro	N	O
	and	&	O
	flagyl	^	O
	today	N	O
	:(	E	O
	this	O	O
	should	V	O
	be	V	O
	fuuuuun	N	O
	0	0	O
Sentence: 14	@URL	@	O
	off	P	O
	ivs	N	O
	for	P	O
	another	D	O
	3	$	O
	weeks	N	O
	for	P	O
	til	P	O
	tue	^	O
	til	P	O
	improve	V	O
	or	&	O
	ivs	N	O
	sooner	R	O
	:-/	E	O
	hope	V	O
	cipro	N	O
	have	V	O
	helped,	V	O
	shame	N	O
	about	P	O
	no	D	O
	sun	N	O
	0	0	O
Sentence: 15	rt	~	O
	@URL:	V	O
	the	D	O
	lady	N	O
	from	P	O
	the	D	O
	bank	N	O
	later	R	O
	said	V	O
	sir	N	O
	this	O	O
	means	V	O
	that	P	O
	cipro	N	O
	discontinued	V	O
	your	D	O
	business	N	O
	&	&	O
	since	P	O
	this	O	O
	a	D	O
	...	~	O
	http://t.co/qjmiuramà	U	O
	0	0	O
Sentence: 16	harde	^	O
	rt	V	O
	@URL:	N	O
	:(	E	O
	ô@URL:	!	O
	great	A	O
	cipro	N	O
	advertised	V	O
	my	D	O
	company	N	O
	for	P	O
	interested	A	O
	bidders.ö	N	O
	0	0	O
Sentence: 17	rt	~	O
	@URL:	V	O
	my	D	O
	medication	N	O
	gives	V	O
	me	O	O
	weird	A	B-ADR
	&	&	I-ADR
	bizarre	A	I-ADR
	dreams.	N	I-ADR
	not	R	O
	all	D	O
	bad	A	O
	though.	P	O
	last	A	O
	night	N	O
	i	O	O
	had	V	O
	dinner	N	O
	with	P	O
	the	D	O
	rolling	A	O
	stones	N	O
	#ciproà	#	O
	0	0	O
Sentence: 18	@URL	@	O
	hey	!	O
	sim!	!	O
	i	O	O
	never	R	O
	chat	V	O
	wth	!	O
	u	O	O
	via	P	O
	dis	D	O
	social	A	O
	netwek,	N	O
	r	V	O
	u	O	O
	great	A	O
	dou?@URL	N	O
	0	0	O
Sentence: 19	i	O	O
	hope	V	O
	this	D	O
	annual	A	O
	cipro	N	O
	diet	N	O
	tradition	N	O
	doesnÆt	V	O
	become	V	O
	a	D	O
	tradità	N	O
	damnit.	!	O
	0	0	O
Sentence: 20	@URL	@	O
	so	R	O
	true	A	O
	ricky!	^	O
	i	O	O
	went	V	O
	into	P	O
	anaphylactic	N	B-ADR
	shock	N	I-ADR
	&	&	O
	almost	R	B-ADR
	died	V	I-ADR
	from	P	O
	taking	V	O
	cipro!	N	O
	dangerous	A	O
	drug	N	O
	-	,	O
	be	V	O
	careful!!	A	O
	take	N	O
	care.	N	O
	0	0	O
Sentence: 21	cipro	N	O
	makes	V	O
	my	D	O
	nose	N	B-ADR
	feel	V	I-ADR
	like	P	I-ADR
	its	L	I-ADR
	bleeding.	V	I-ADR
	but	&	O
	it's	L	O
	not.	R	O
	#phantomsangre	#	O
	0	0	O
Sentence: 22	@URL	@	O
	after	P	O
	holding	V	O
	for	P	O
	2	$	O
	hours	N	O
	on	P	O
	#cipc	^	O
	#cipro,	N	O
	the	D	O
	consultant	N	O
	just	R	O
	greeted,	V	O
	asked	V	O
	my	D	O
	problem	N	O
	and	&	O
	dropped	V	O
	the	D	O
	phone!!!!!!!!!!	N	O
	0	0	O
Sentence: 23	all	D	O
	i	O	O
	have	V	O
	to	P	O
	say	V	O
	is	V	O
	cipro	N	O
	will	V	O
	mess	V	O
	you	O	O
	up	A	O
	kids.	N	O
	don't	V	O
	get	V	O
	sick!	A	B-ADR
	#blagh	#	O
	#gross	#	O
	#weak	#	B-ADR
	0	0	O
Sentence: 24	@URL	@	O
	you	O	O
	can	V	O
	say	V	O
	that	O	O
	again!	R	O
	i	O	O
	trusted	V	O
	my	D	O
	doc	N	O
	and	&	O
	ended	V	O
	up	T	O
	crippled	A	B-ADR
	thanks	N	O
	to	P	O
	just	R	O
	12	$	O
	cipro	N	O
	pills.	N	O
	going	V	O
	on	P	O
	4	$	O
	years	N	O
	now.	R	O
	0	0	O
Sentence: 25	@URL	@	O
	@URL	@	O
	am	V	O
	i	O	O
	reading	V	O
	this	O	O
	correctly...are	R	O
	you	O	O
	prescribing	V	O
	cipro	N	O
	for	P	O
	simple	A	O
	utis??	N	O
	0	0	O
Sentence: 26	i'm	L	O
	too	R	O
	numb	A	B-ADR
	to	P	I-ADR
	feel,	V	I-ADR
	blow	N	O
	out	P	O
	the	D	O
	candle,	N	O
	blindness	N	O
	#np	#	O
	#cymbalta	#	O
	0	0	O
Sentence: 27	@URL	@	O
	depression	N	O
	hurts	V	O
	cymbalta	N	O
	can	V	O
	help	V	O
	0	0	O
Sentence: 28	depression	N	O
	hurts	V	O
	cymbalta	N	O
	can	V	O
	kill	V	O
	you	O	O
	0	0	O
Sentence: 29	depression	N	O
	hurts	V	O
	cymbalta	N	O
	can	V	O
	help	V	O
	0	0	O
Sentence: 30	@URL	@	O
	i'm	L	O
	not	R	O
	trying	V	O
	to	P	O
	start	V	O
	any	D	O
	immature	A	O
	fight	N	O
	with	P	O
	you.	O	O
	but	&	O
	ask	V	O
	you	O	O
	to	P	O
	realize	V	O
	how	R	O
	dangerous	A	O
	""medicine""	N	O
	is.	V	O
	like	P	O
	""cymbalta"".	N	O
	0	0	O
Sentence: 31	i	O	O
	don't	V	O
	get	V	O
	why	R	O
	they	O	O
	make	V	O
	stuff	N	O
	like	P	O
	cymbalta	N	O
	to	P	O
	decrease	V	O
	the	D	O
	suicide	N	O
	rate,	N	O
	when	R	O
	there	X	O
	are	V	O
	bunch	N	O
	of	P	O
	precautions	N	O
	about	P	O
	how	R	O
	it	O	O
	may	V	O
	kill	V	O
	you.	O	O
	0	0	O
Sentence: 32	my	D	O
	sim	N	O
	card	N	O
	isn't	V	O
	working	V	O
	aaggh	!	O
	i	O	O
	feel	V	O
	like	P	O
	im	L	O
	having	V	O
	cymbalta	N	O
	withdrawal	N	B-ADR
	again	R	O
	aaagh	!	O
	aaaggh	!	O
	0	0	O
Sentence: 33	rejection	N	O
	hurts,	V	O
	cymbalta	N	O
	can	V	O
	help	V	O
	http://t.co/wzwddt6hyc	U	O
	0	0	O
Sentence: 34	@URL	@	O
	@URL	@	O
	all	X	O
	the	D	O
	things	N	O
	i	O	O
	have	V	O
	just	R	O
	make	V	O
	me	O	O
	sleepy	A	B-ADR
	as	P	O
	hell:	N	O
	cymbalta,	N	O
	klonopin,	N	O
	ambien.	N	O
	wait	V	O
	what	O	O
	if	P	O
	i	O	O
	take	V	O
	em	O	O
	all	D	O
	togethhssaagg	N	O
	0	0	O
Sentence: 35	@URL	@	O
	depression	N	O
	hurts,	V	O
	cymbalta	N	O
	can	V	O
	help.	V	O
	0	0	O
Sentence: 36	some	D	O
	girls	N	O
	are	V	O
	to	P	O
	depressed	V	O
	for	P	O
	nothing.	N	O
	bitch	N	O
	take	V	O
	cymbalta	N	O
	or	&	O
	something	N	O
	shit	N	O
	0	0	O
Sentence: 37	coming	V	O
	off	T	O
	cymbalta	N	O
	cold	A	O
	turkey..	N	O
	day	N	O
	4...	$	O
	i	O	O
	think	V	O
	i	O	O
	have	V	O
	vertigo!	N	B-ADR
	this	O	O
	is	V	O
	awful.	A	O
	0	0	O
Sentence: 38	well	!	O
	you	O	O
	better	R	O
	go	V	O
	get	V	O
	your	D	O
	depressed	A	O
	ass	N	O
	to	P	O
	that	D	O
	store	N	O
	and	&	O
	get	V	O
	you	O	O
	some	D	O
	cymbalta	N	O
	""@URL:	N	O
	how	R	O
	i	O	O
	feel	V	O
	http://t.co/9yfea2otmj""	U	O
	0	0	O
Sentence: 39	somebody	N	O
	pass	V	O
	the	D	O
	cymbalta	N	O
	0	0	O
Sentence: 40	and	&	O
	so	P	O
	it	O	O
	was	V	O
	decreed	V	O
	on	P	O
	this	D	O
	day	N	O
	in	P	O
	2013,	$	O
	year	N	O
	of	P	O
	our	D	O
	lord	N	O
	that	P	O
	my	D	O
	first	A	O
	born	V	O
	shall	V	O
	be	V	O
	nameth	^	O
	cymbalta.	^	O
	0	0	O
Sentence: 41	just	R	O
	timed	V	O
	a	D	O
	cymbalta	N	O
	commercial.	N	O
	50	$	O
	of	P	O
	the	D	O
	70	$	O
	seconds	N	O
	was	V	O
	side	N	O
	effects	N	O
	and	&	O
	warnings.	N	O
	so,	P	O
	how	R	O
	bad	A	O
	is	V	O
	your	D	O
	arthritis??	N	O
	0	0	O
Sentence: 42	depression	N	O
	hurts.	V	O
	cymbalta	N	O
	can	V	O
	help.	V	O
	0	0	O
Sentence: 43	i	O	O
	feel	V	O
	soo	R	O
	much	A	O
	better	A	O
	today,	N	O
	cymbalta	N	O
	with	P	B-ADR
	drawls	N	I-ADR
	are	V	O
	going	V	O
	away	R	O
	:))	E	O
	0	0	O
Sentence: 44	@URL	@	O
	i	O	O
	had	V	O
	been	V	O
	blaming	V	O
	my	D	O
	dizziness	N	B-ADR
	upon	P	O
	standing	V	O
	to	P	O
	my	D	O
	menopause	N	O
	but	&	O
	now	R	O
	on	P	O
	hrt	^	O
	&	&	O
	no	R	O
	more	A	O
	flashes	N	O
	so	P	O
	looked	V	O
	at	P	O
	cymbalta	^	O
	side	N	O
	effs	V	O
	0	0	O
Sentence: 45	@URL	@	O
	effexor	G	O
	i	O	O
	found	V	O
	was	V	O
	not	R	O
	so	R	O
	bad.	A	O
	currently	R	O
	on	P	O
	cymbalta	N	O
	&the	D	O
	wdrawals	N	B-ADR
	are	V	O
	vile.	A	O
	internet	N	O
	full	N	O
	of	P	O
	horror	N	O
	stories,	N	O
	0	0	O
Sentence: 46	cymbalta,	N	O
	my	D	O
	mood	N	B-ADR
	has	V	O
	worsened	V	O
	0	0	O
Sentence: 47	from	P	O
	jessica	^	O
	i	O	O
	have	V	O
	recently	R	O
	changed	V	O
	anti-depressants	N	B-ADR
	from	P	O
	cymbalta	N	O
	to	P	O
	zoloft...does	V	O
	anyone	N	O
	else	R	O
	get	V	O
	daily	A	O
	migraines	N	B-ADR
	from	P	O
	taking	V	O
	zoloft?	N	O
	0	0	O
Sentence: 48	i	O	O
	swear	V	O
	thia	D	O
	cymbalta	N	O
	is	V	O
	causing	V	O
	me	O	O
	to	P	O
	have	V	O
	horrible	A	O
	nightmares!	N	B-ADR
	0	0	O
Sentence: 49	rt	~	O
	@URL:	N	O
	depression	N	O
	hurts,	V	O
	cymbalta	N	O
	can	V	O
	help	V	O
	0	0	O
Sentence: 50	i	O	O
	rilly	R	O
	want	V	O
	to	P	O
	get	V	O
	off	T	O
	cymbalta	N	O
	but	&	O
	i	O	O
	don't	V	O
	want	V	O
	to	P	O
	suffer	V	O
	through	P	O
	terrible	A	O
	withdrawals	N	B-ADR
	0	0	O
Sentence: 51	@URL	@	O
	@URL	@	O
	did	V	O
	you	O	O
	know	V	O
	that	D	O
	pts	N	O
	on	P	O
	dabigatran	^	O
	in	P	O
	re-ly	A	O
	had	V	O
	increased	A	O
	rate	N	O
	myocardial	A	O
	ischemia?	N	O
	interested	V	O
	in	P	O
	postmarketing	N	O
	data	N	O
	0	0	O
Sentence: 52	rt	~	O
	@URL:	N	O
	side	N	O
	effect	N	O
	of	P	O
	dabigatran,	^	O
	bleeding	V	O
	where?	R	O
	0	0	O
Sentence: 53	@URL	@	O
	thanks	N	O
	for	P	O
	posting	V	O
	this!	D	O
	have	V	O
	often	R	O
	wondered	V	O
	about	P	O
	new	A	O
	oacs	N	O
	like	P	O
	dabigatran	^	O
	and	&	O
	bleeding	V	O
	crises.	N	O
	0	0	O
Sentence: 54	rt	~	O
	@URL:	N	O
	data	N	O
	with	P	O
	denosumab	N	O
	in	P	O
	#myeloma:	N	O
	may	V	O
	be	V	O
	alternative	N	O
	to	P	O
	reduce	V	O
	skeletal	A	O
	events	N	O
	in	P	O
	deteriorating	V	O
	renal	A	O
	function	N	O
	(http://t.coà	N	O
	0	0	O
Sentence: 55	rt	~	O
	@URL:	V	O
	the	D	O
	role	N	O
	of	P	O
	denosumab	^	O
	for	P	O
	prevention	N	O
	of	P	O
	skeletal-related	A	O
	complications	N	O
	in	P	O
	multiple	A	O
	myeloma	N	O
	(july/august):	G	O
	obje...	G	O
	http://t.cà	U	O
	0	0	O
Sentence: 56	dronedarone	V	O
	not	R	O
	recommended	V	O
	for	P	O
	patients	N	O
	with	P	O
	permanent	A	O
	#afib	N	O
	or	&	O
	for	P	O
	the	D	O
	sole	N	O
	purpose	N	O
	of	P	O
	rate	N	O
	control	N	O
	-	,	O
	anne	^	O
	gillis	^	O
	#ehraeuropace	#	O
	0	0	O
Sentence: 57	in	P	O
	esc	^	O
	2012	$	O
	#afib	#	O
	focused	V	O
	update	N	O
	dronedarone	V	O
	not	R	O
	recommended	V	O
	in	P	O
	#heartfail	N	O
	&	&	O
	recommended	V	O
	second	A	O
	to	P	O
	sotalol	V	O
	in	P	O
	#chd	^	O
	-	,	O
	john	^	O
	camm	^	O
	#ehraeuropace	#	O
	0	0	O
Sentence: 58	rt	~	O
	@URL:	N	O
	dronedarone	N	O
	not	R	O
	recommended	V	O
	for	P	O
	patients	N	O
	with	P	O
	permanent	A	O
	#afib	N	O
	or	&	O
	for	P	O
	the	D	O
	sole	N	O
	purpose	N	O
	of	P	O
	rate	N	O
	control	N	O
	-	,	O
	anne	^	O
	gillis	^	O
	#ehraeuroà	#	O
	0	0	O
Sentence: 59	@URL	@	O
	apparently	R	O
	duloxetine	^	O
	is	V	O
	one	$	O
	of	P	O
	the	D	O
	more	A	O
	expensive	A	O
	drugs	N	O
	but	&	O
	i'm	L	O
	sure	A	O
	does	V	O
	not	R	O
	suit	N	O
	everyone	N	O
	0	0	O
Sentence: 60	rt	~	O
	@URL:	N	O
	#s1202	#	O
	ph	G	O
	iii	D	O
	study	N	O
	now	R	O
	open	V	O
	at	P	O
	38	$	O
	sites,	N	O
	w	P	O
	more	A	O
	every	D	O
	day:	N	O
	duloxetine	V	O
	for	P	O
	ai-induced	A	O
	pain	N	O
	in	P	O
	#breastcancer	N	O
	#swogonc	#	O
	http://t.co/à	U	O
	0	0	O
Sentence: 61	#effexor	#	O
	#withdrawl	N	B-ADR
	is	V	O
	a	D	O
	monster	N	O
	that	P	O
	i	O	O
	have	V	O
	taken	V	O
	by	P	O
	the	D	O
	horns	N	O
	and	&	O
	am	V	O
	wrestling	N	O
	to	P	O
	the	D	O
	ground...this	^	O
	time	N	O
	i	O	O
	am	V	O
	winning!	A	O
	7thdayfree	N	O
	0	0	O
Sentence: 62	found	V	O
	them.	O	O
	starting	V	O
	back	R	O
	up	T	O
	on	P	O
	effexor.	G	O
	vomits	V	B-ADR
	shall	V	O
	ensue!	V	O
	0	0	O
Sentence: 63	@URL	@	O
	can	V	O
	i	O	O
	ask	V	O
	what	O	O
	you're	L	O
	switching	V	O
	from/to?	P	O
	i've	L	O
	had	V	O
	to	P	O
	come	V	O
	off	T	O
	effexor	G	O
	twice	R	O
	over	P	O
	the	D	O
	years,	N	O
	and	&	O
	it's	L	O
	the	D	O
	absolute	A	O
	pits.	N	O
	0	0	O
Sentence: 64	crying	V	B-ADR
	randomly	R	O
	at	P	O
	nothing	N	O
	and	&	O
	everything.	N	O
	sigh.	V	O
	thank	V	O
	you	O	O
	#effexor	V	O
	#withdrawls	N	B-ADR
	can	V	O
	you	O	O
	just	R	O
	exit	V	O
	my	D	O
	system	N	O
	already.	R	O
	0	0	O
Sentence: 65	day	N	O
	6	$	O
	cold	A	O
	turkey	N	O
	from	P	O
	effexor.	^	O
	i	O	O
	believe	V	O
	this	D	O
	pic	N	O
	adequately	R	O
	represents	V	O
	my	D	O
	descent	N	B-ADR
	into	P	I-ADR
	madness.	N	I-ADR
	or	&	O
	whatever.	!	O
	http://t.co/vz0ofabia0	U	O
	0	0	O
Sentence: 66	@URL	@	O
	thank	V	O
	you!	O	O
	coming	V	B-ADR
	off	T	I-ADR
	effexor	N	I-ADR
	is	V	I-ADR
	not	R	I-ADR
	fun!	N	I-ADR
	0	0	O
Sentence: 67	@URL	@	O
	i've	L	O
	been	V	O
	taking	V	O
	effexor,	N	O
	and	&	O
	it's	L	O
	been	V	O
	working	V	O
	for	P	O
	me.	O	O
	maybe	R	O
	ask	V	O
	your	D	O
	parents	N	O
	to	P	O
	try	V	O
	something	N	O
	else?	R	O
	0	0	O
Sentence: 68	effexor	G	O
	side	N	O
	effects;	N	O
	headaches,	N	B-ADR
	no	D	I-ADR
	appetite.	N	I-ADR
	0	0	O
Sentence: 69	@URL	@	O
	coming	V	B-ADR
	off	T	I-ADR
	effexor	^	I-ADR
	was	V	I-ADR
	the	D	I-ADR
	worst	A	I-ADR
	ever.	R	O
	even	R	O
	my	D	O
	doctor	N	O
	was	V	O
	terrified	A	O
	of	P	O
	me	O	O
	doing	V	O
	it	O	O
	but	&	O
	the	D	O
	side	N	O
	effects	N	O
	left	V	O
	me	O	O
	no	D	O
	choice.	N	O
	0	0	O
Sentence: 70	taking	V	O
	effexor,	N	O
	drinking	V	O
	ice	N	O
	water,	N	O
	taking	V	O
	a	D	O
	cool	A	O
	shower	N	O
	right	R	O
	before	P	O
	bedtime	N	O
	and	&	O
	not	R	O
	drying	V	O
	my	D	O
	hair,	N	O
	and	&	O
	running	V	O
	the	D	O
	ceiling	N	O
	fan	N	O
	on	P	O
	high.	A	O
	0	0	O
Sentence: 71	down	R	O
	to	P	O
	just	R	O
	one	$	O
	tiny	A	O
	dose	N	O
	of	P	O
	effexor	G	O
	each	D	O
	night	N	O
	now.	R	O
	today	N	O
	wasnt	V	O
	too	R	O
	bad	A	O
	in	P	O
	terms	N	O
	of	P	O
	anxiety	N	B-ADR
	&	&	O
	depression,	N	B-ADR
	but	&	O
	irritability?	N	O
	woosh!!	!	O
	way	N	O
	up	T	O
	0	0	O
Sentence: 72	@URL	@	O
	right,	A	O
	some	D	O
	ssris	N	O
	are	V	O
	used	V	O
	for	P	O
	cataplexy,	^	B-ADR
	as	P	O
	is	V	O
	effexor.	^	O
	can	V	O
	be	V	O
	tricky	A	O
	to	P	O
	wean	V	O
	off	T	O
	without	P	O
	rebound.	N	B-ADR
	#nchat	#	O
	0	0	O
Sentence: 73	@URL	@	O
	@URL	@	O
	-generic	A	O
	drugs	N	O
	as	P	O
	effective	A	O
	as	P	O
	amgen's	Z	O
	enbrel	N	O
	for	P	O
	arthritis-	N	O
	@URL	@	O
	-:	,	O
	a	D	O
	blockbuster	N	O
	drug	N	O
	made	V	O
	b...	V	O
	@URL	@	O
	0	0	O
Sentence: 74	@URL	@	O
	i	O	O
	do	V	O
	2	$	O
	per	P	O
	week	N	O
	-	,	O
	method	N	O
	and	&	O
	enbrel	R	O
	and	&	O
	its	L	O
	nothing.	N	O
	0	0	O
Sentence: 75	@URL	@	O
	i	O	O
	don't	V	O
	know	V	O
	that	P	O
	one,	$	O
	but	&	O
	metho	O	B-ADR
	made	V	O
	me	O	O
	sick	A	B-ADR
	everyday	N	O
	i	O	O
	took	V	O
	it.	O	O
	i	O	O
	had	V	O
	to	P	O
	stop.	V	O
	enbrel	^	O
	has	V	O
	worked	V	O
	wonders	V	O
	for	P	O
	me	O	O
	..	,	O
	so	R	O
	far	R	O
	0	0	O
Sentence: 76	@URL	@	O
	enbrel	^	O
	is	V	O
	a	D	O
	miracle	N	O
	but	&	O
	it	O	O
	made	V	O
	my	D	O
	eyes	N	B-ADR
	worse	A	I-ADR
	:(	E	O
	so	R	O
	couldn't	V	O
	have	V	O
	it	O	O
	anymore	R	O
	:(	E	O
	0	0	O
Sentence: 77	@URL	@	O
	good	A	O
	read.	N	O
	enbrel	N	O
	allows	V	O
	me	O	O
	2	$	O
	work	N	O
	at	P	O
	a	D	O
	great	A	O
	job	N	O
	w	P	O
	great	A	O
	benefits.	N	O
	which	D	O
	allows	V	O
	me	O	O
	access	V	O
	to	P	O
	enbrel.	V	O
	catch	V	O
	22.	$	O
	0	0	O
Sentence: 78	@URL	@	O
	@URL	@	O
	i	O	O
	was	V	O
	only	R	O
	on	P	O
	200	$	O
	mg	N	O
	and	&	O
	was	V	O
	recently	R	O
	switched	V	O
	to	P	O
	150	$	O
	mg	N	O
	due	A	O
	to	P	O
	weight.	N	B-ADR
	it's	L	O
	still	R	O
	working	V	O
	with	P	O
	enbrel,	N	O
	though.	P	O
	0	0	O
Sentence: 79	@URL	@	O
	i	O	O
	pray	V	O
	you	O	O
	can	V	O
	stay	V	O
	off	T	O
	too!	R	O
	hoping	V	O
	to	P	O
	back	V	O
	off	T	O
	my	D	O
	dose	N	O
	some	D	O
	when	R	O
	the	D	O
	enbrel	N	O
	works	V	O
	:)	E	O
	to	P	O
	run	V	O
	ahhhhh	!	O
	would	V	O
	be	V	O
	dreamy.	A	O
	0	0	O
Sentence: 80	things	N	O
	no	D	O
	19	$	O
	year	N	O
	old	A	O
	should	V	O
	be	V	O
	excited	V	O
	about	P	O
	except	O	O
	i	O	O
	am:	V	O
	finally	R	O
	starting	V	O
	enbril!	G	O
	0	0	O
Sentence: 81	rt	~	O
	@URL:	V	O
	the	D	O
	commercial	N	O
	said	V	O
	enbrel	N	O
	can	V	O
	cure	V	O
	your	D	O
	plaque	N	O
	psoriasis	N	O
	and	&	O
	the	D	O
	only	A	O
	side	N	O
	effects	N	O
	are	V	O
	cancer,	N	O
	hepatitis	N	O
	b	N	O
	and	&	O
	multiple	A	O
	scà	N	O
	0	0	O
Sentence: 82	@URL	@	O
	at	P	O
	the	D	O
	end	N	O
	of	P	O
	most	R	O
	working	V	O
	days!	N	O
	i	O	O
	still	R	O
	have	V	O
	to	P	O
	nap	N	B-ADR
	loads	N	O
	just	R	O
	to	P	O
	get	V	O
	through	P	O
	a	D	O
	week.	N	O
	some	D	O
	days	N	O
	better	A	O
	than	P	O
	others	N	O
	#enbrel	#	O
	0	0	O
Sentence: 83	fed	V	O
	up	T	O
	of	P	O
	aching	V	B-ADR
	bones	N	I-ADR
	:(	E	O
	wonder	V	O
	drugs	N	O
	work	N	O
	some	D	O
	magic	A	O
	please.	V	O
	#rheumatoidarthritis	#	B-ADR
	#enbrel	#	O
	0	0	O
Sentence: 84	@URL	@	O
	ahahaha	!	O
	oops.	!	O
	well,	!	O
	i	O	O
	sure	A	O
	put	V	O
	my	D	O
	foot	N	O
	in	P	O
	my	D	O
	mouth,	N	O
	didn't	V	O
	i?	O	O
	:)	E	O
	0	0	O
Sentence: 85	@URL	@	O
	can	V	O
	reducing	V	O
	fluoxetine	N	O
	zap	V	B-ADR
	me	O	I-ADR
	of	P	I-ADR
	all	D	I-ADR
	energy?i've	N	I-ADR
	reduced	V	O
	from	P	O
	a	D	O
	high	A	O
	dose,	N	O
	now	R	O
	on	P	O
	standard	N	O
	does	V	O
	&	&	O
	not	R	B-ADR
	feeling	V	I-ADR
	good	A	I-ADR
	at	P	O
	all.	N	O
	0	0	O
Sentence: 86	fluoxetine	^	O
	makes	V	O
	me	O	O
	see	V	B-ADR
	shapes	V	I-ADR
	when	R	O
	i	O	O
	close	V	O
	my	D	O
	eyes	N	O
	0	0	O
Sentence: 87	don't	V	O
	need	V	O
	any	D	O
	alcohol	N	O
	really	R	O
	when	R	O
	fluoxetine	R	O
	just	R	O
	makes	V	O
	me	O	O
	feel	V	B-ADR
	like	P	I-ADR
	i	O	I-ADR
	can't	V	I-ADR
	even	R	I-ADR
	stand	V	I-ADR
	0	0	O
Sentence: 88	two	$	O
	rakat	N	O
	nafl	N	O
	work	N	O
	more	R	O
	efficiently	R	O
	than	P	O
	sublingual	N	O
	fluoxetine.	N	O
	0	0	O
Sentence: 89	two	$	O
	antidepressants	N	O
	-	,	O
	mirtazapine	^	O
	and	&	O
	fluoxetine	^	O
	-	,	O
	have	V	O
	been	V	O
	linked	V	O
	to	P	O
	a	D	O
	significantly	R	O
	increased	A	O
	risk	N	O
	for	P	O
	clostridium	^	O
	difficile	^	O
	infection..	N	O
	0	0	O
Sentence: 90	depression	N	O
	medications	N	O
	mirtazapine	N	O
	and	&	O
	fluoxetine	^	O
	may	V	O
	increase	V	O
	a	D	O
	person's	S	O
	risk	N	O
	of	P	O
	developing	V	O
	clostridium	N	O
	difficile	N	O
	infection	N	O
	(cdi)	N	O
	by	P	O
	as	P	O
	..	,	O
	0	0	O
Sentence: 91	@URL	@	O
	fluoxetine	^	O
	and	&	O
	quet	N	O
	combo	N	O
	zombified	V	B-ADR
	me...ah,	O	O
	the	D	O
	meds	N	O
	merrygoround	N	O
	#bipolar	#	B-ADR
	0	0	O
Sentence: 92	fluoxetine	^	O
	does	V	O
	sweet	A	O
	fuck	N	O
	all	D	O
	0	0	O
Sentence: 93	@URL	@	O
	what,	O	O
	antidepressants?	N	B-ADR
	i'm	L	O
	on	P	O
	fluoxetine	^	O
	(prozac)	^	O
	right	R	O
	now,	R	O
	why?xx	R	O
	0	0	O
Sentence: 94	@URL	@	O
	i've	L	O
	found	V	O
	that	O	O
	it's	L	O
	okay	A	O
	to	P	O
	stop	V	O
	dead	A	O
	with	P	O
	prozac	^	O
	but	&	O
	not	R	O
	fluoxetine	V	O
	-	,	O
	i	O	O
	got	V	O
	terrible	A	O
	paraesthesia;	N	B-ADR
	it	O	O
	felt	V	O
	as	P	O
	though	R	O
	i	O	O
	was	V	O
	0	0	O
Sentence: 95	just	R	O
	woke	V	O
	up	T	O
	from	P	O
	a	D	O
	14	$	B-ADR
	hour	N	I-ADR
	nap	N	I-ADR
	thank	V	O
	u	O	O
	fluoxetine	V	O
	0	0	O
Sentence: 96	i	O	O
	think	V	O
	i	O	O
	should	V	O
	take	V	O
	a	D	O
	tablet	N	O
	of	P	O
	gnc	^	O
	burn	V	O
	60	$	O
	and	&	O
	go	V	O
	off	R	O
	for	P	O
	my	D	O
	late	A	O
	night	N	O
	jogging.	N	O
	chronic	N	B-ADR
	fatigue	N	I-ADR
	sydrome	N	I-ADR
	sucks.	V	O
	fluoxetine	^	O
	didn't	V	O
	help.	V	O
	0	0	O
Sentence: 97	@URL	@	O
	u	O	O
	sure	A	O
	know	V	O
	fluoxetine..to	P	O
	my	D	O
	surprise	N	O
	and	&	O
	yours..it	O	O
	was	V	O
	the	D	O
	result	N	O
	of	P	O
	studies	N	O
	on	P	O
	diphenhydramine!.look	V	O
	to	P	O
	the	D	O
	structure	N	O
	of	P	O
	both.	D	O
	0	0	O
Sentence: 98	rt	~	O
	@URL:	N	O
	restless	A	B-ADR
	leg	N	I-ADR
	syndrome	N	I-ADR
	is	V	O
	bad	A	O
	tonight.	R	O
	damn	R	O
	you	O	O
	fluoxetine.	V	O
	0	0	O
Sentence: 99	if	P	O
	you	O	O
	or	&	O
	a	D	O
	loved	A	O
	one	$	O
	has	V	O
	experienced	V	O
	severe	A	O
	side	N	O
	effects	N	O
	from	P	O
	the	D	O
	use	N	O
	of	P	O
	fosamax,	N	O
	call	N	O
	1.888.520.5202.	$	O
	habla	^	O
	espanol.	^	O
	we	O	O
	follow	V	O
	in	P	O
	return.	N	O
	0	0	O
Sentence: 100	if	P	O
	you	O	O
	are	V	O
	on	P	O
	zometa,	^	O
	fosamax,	^	O
	boniva,	^	O
	actonel	V	O
	your	D	O
	dentist	N	O
	and	&	O
	oral-maxillofacial	A	O
	surgeon	N	O
	should	V	O
	know	V	O
	and	&	O
	be	V	O
	in	P	O
	contact	N	O
	with	P	O
	your	D	O
	md	^	O
	0	0	O
Sentence: 101	gamma-aminobutyric	G	O
	acid	N	O
	acts	V	O
	as	P	O
	a	D	O
	neurotransmitter.	N	O
	it	O	O
	has	V	O
	slight	A	O
	stimulatory	A	O
	effects	N	O
	on	P	O
	the	D	O
	brain	N	O
	&	&	O
	may	V	O
	help	V	O
	induce	V	O
	a	D	O
	state	N	O
	of	P	O
	calm.	A	O
	#gaba	#	O
	0	0	O
Sentence: 102	you	O	O
	know	V	O
	starting	V	O
	with	P	O
	geodon,	^	O
	the	D	O
	meds	N	O
	messed	V	B-ADR
	up	T	I-ADR
	my	D	I-ADR
	attitude.	N	I-ADR
	how	R	O
	odd.	A	O
	it's	L	O
	not	R	O
	just	R	O
	about	P	O
	spirituality.	N	O
	i	O	O
	became	V	O
	a	D	O
	bit	N	O
	mean.	V	B-ADR
	that	O	O
	got	V	O
	0	0	O
Sentence: 103	goodbye	!	O
	#methotrexate.	#	O
	hello	!	O
	#humira.	^	O
	i'm	L	O
	beginning	V	O
	to	P	O
	feel	V	O
	like	P	O
	a	D	O
	bloody	A	O
	chemical	N	O
	factory..	N	O
	and	&	O
	a	D	O
	pin	N	O
	cushion.	N	O
	0	0	O
Sentence: 104	humira	^	O
	may	V	O
	lower	A	O
	your	D	O
	abilities	N	O
	to	P	O
	fight	V	O
	infections.	N	O
	:(	E	O
	#fight4joints	#	O
	0	0	O
Sentence: 105	@URL	@	O
	so	R	O
	many	A	O
	complications	N	O
	from	P	O
	one	$	O
	illness.	N	O
	have	V	O
	you	O	O
	had	V	O
	surgery	N	O
	in	P	O
	the	D	O
	past,	A	O
	and	&	O
	are	V	O
	you	O	O
	planning	V	O
	to	P	O
	start	V	O
	humira	^	O
	or	&	O
	similar	A	O
	drugs	N	O
	0	0	O
Sentence: 106	i'd	L	O
	gladly	R	O
	trade	V	O
	the	D	O
	#mtx	^	B-ADR
	headache	N	I-ADR
	for	P	O
	#humira	^	O
	but	&	O
	after	P	O
	5	$	O
	months	N	O
	i	O	O
	still	R	O
	don't	V	O
	have	V	O
	the	D	O
	prescription.	N	O
	i	O	O
	function	V	O
	through	P	O
	vitamins	N	O
	&	&	O
	motrin	N	O
	0	0	O
Sentence: 107	@URL	@	O
	what	O	O
	problems	N	O
	did	V	O
	you	O	O
	have	V	O
	with	P	O
	humira,	^	O
	if	P	O
	you	O	O
	don't	V	O
	mind	V	O
	me	O	O
	asking.	V	O
	i	O	O
	tried	V	O
	infliximab	V	B-ADR
	it	O	O
	destroyed	V	B-ADR
	my	D	I-ADR
	liver.	N	I-ADR
	0	0	O
Sentence: 108	do	V	O
	you	O	O
	feel	V	O
	like	P	O
	kayvon	^	O
	is	V	O
	risking	V	O
	relationships	N	O
	with	P	O
	customers?	N	O
	is	V	O
	humira	^	O
	right	R	O
	to	P	O
	refund	V	O
	customers?	N	O
	@URL	@	O
	#bethebosscanada	#	O
	0	0	O
Sentence: 109	watching	V	O
	commercial	N	O
	for	P	O
	humira.	^	O
	sounds	V	O
	like	P	O
	worse	A	O
	medication	N	O
	ever.	R	O
	i'd	L	O
	rather	R	O
	have	V	O
	arthritis	N	O
	than	P	O
	cancer	N	O
	#notworthit	#	O
	0	0	O
Sentence: 110	the	D	O
	day	N	O
	after	P	O
	my	D	O
	humira	^	O
	jab	N	O
	and	&	O
	as	R	O
	ever	R	O
	i'm	L	O
	mega	R	O
	tired.	A	B-ADR
	may	V	O
	have	V	O
	to	P	O
	go	V	O
	back	R	O
	to	P	O
	bed.	N	O
	0	0	O
Sentence: 111	@URL	@	O
	i	O	O
	never	R	O
	had	V	O
	bleeding	V	O
	or	&	O
	vomiting	V	O
	just	R	O
	alot	A	O
	alot	N	O
	of	P	O
	fatigue	N	B-ADR
	and	&	O
	face	N	O
	was	V	O
	pale	A	O
	and	&	O
	lost	V	O
	tons	N	O
	of	P	O
	weight..	N	O
	#crohns	#	B-ADR
	#humira	#	O
	0	0	O
Sentence: 112	@URL	@	O
	i	O	O
	probably	R	O
	hv	V	O
	to	P	O
	stay	V	O
	on	P	O
	humira	^	O
	until	P	O
	september,	^	O
	6	$	O
	months	N	O
	will	V	O
	b	V	O
	up	T	O
	then.	R	O
	seeing	V	O
	doc	N	O
	19th,	$	O
	will	V	O
	ask	V	O
	what	O	O
	he	O	O
	thinks.	V	O
	0	0	O
Sentence: 113	he	O	O
	learned	V	O
	how	R	O
	to	P	O
	give	V	O
	me	O	O
	my	D	O
	humira	^	O
	shot	N	O
	wuth	P	O
	the	D	O
	training	N	O
	kit	N	O
	lol	!	O
	0	0	O
Sentence: 114	@URL	@	O
	@URL	@	O
	not	R	O
	to	P	O
	worry	V	O
	-	,	O
	just	R	O
	a	D	O
	bit	N	O
	of	P	O
	temporary	A	O
	fuzziness.	N	B-ADR
	i've	L	O
	been	V	O
	on	P	O
	humira	^	O
	since	P	O
	2007	$	O
	&	&	O
	love	V	O
	it.	O	O
	0	0	O
Sentence: 115	@URL	@	O
	hi	!	O
	i	O	O
	was	V	O
	on	P	O
	humira	^	O
	for	P	O
	4	$	O
	months	N	O
	worked	V	O
	great	A	O
	until	P	O
	i	O	O
	got	V	O
	sick	A	B-ADR
	last	A	O
	week.	N	O
	don't	V	O
	know	V	O
	if	P	O
	i	O	O
	will	V	O
	go	V	O
	back	R	O
	on	P	O
	it	O	O
	or	&	O
	not.	R	O
	0	0	O
Sentence: 116	@URL	@	O
	good	A	O
	luck,	N	O
	i	O	O
	sincerely	R	O
	hope	V	O
	humira	^	O
	does	V	O
	wonders	V	O
	for	P	O
	you!	O	O
	the	D	O
	pen	N	O
	isn't	V	O
	all	D	O
	that	D	O
	bad	A	O
	either,	D	O
	injections	N	O
	just	R	O
	part	N	O
	of	P	O
	weekly	A	O
	routine?	N	O
	0	0	O
Sentence: 117	@URL	@	O
	nope,	!	O
	was	V	O
	on	P	O
	#enbrel	N	O
	5yrs	N	O
	&	&	O
	had	V	O
	to	P	O
	get	V	O
	off	T	O
	due	R	O
	to	P	O
	unrelenting	A	O
	flare.	N	B-ADR
	been	V	O
	on	P	O
	#humira	^	O
	since	P	O
	dec	^	O
	2012.	$	O
	#rheum	#	B-ADR
	0	0	O
Sentence: 118	i	O	O
	don't	V	O
	want	V	O
	to	P	O
	take	V	O
	my	D	O
	humira	N	O
	at	P	O
	all	D	O
	the	D	O
	pain	N	B-ADR
	is	V	O
	always	R	O
	unbearable	A	O
	and	&	O
	i	O	O
	don't	V	O
	wanna	V	O
	0	0	O
Sentence: 119	so..	P	O
	the	D	O
	humira	^	O
	commercial	N	O
	said	V	O
	""i	O	O
	went	V	O
	to	P	O
	my	D	O
	dermatologists	N	O
	&	&	O
	she	O	O
	assigned	V	O
	me	O	O
	humira.""	^	O
	i	O	O
	said	V	O
	""y	R	O
	didn't	V	O
	she	O	O
	give	V	O
	it	O	O
	2	P	O
	u	O	O
	in	P	O
	the	D	O
	1st	A	O
	place?""	N	O
	0	0	O
Sentence: 120	scared	A	O
	of	P	O
	my	D	O
	#humira.	N	O
	keep	V	O
	feeling	V	O
	like	P	B-ADR
	i'm	L	I-ADR
	having	V	I-ADR
	a	D	I-ADR
	heart	N	I-ADR
	attack	N	I-ADR
	or	&	O
	panic	N	O
	attack.	N	O
	anyone	N	O
	else	R	O
	have	V	O
	these	D	O
	problems?	N	O
	#crohns	#	B-ADR
	#ra	#	O
	#help	#	O
	0	0	O
Sentence: 121	before	P	O
	taking	V	O
	humira	^	O
	you	O	O
	have	V	O
	to	P	O
	report	V	O
	to	P	O
	your	D	O
	doc	N	O
	whether	P	O
	youv'e	L	O
	had	V	O
	""certain	A	O
	fungal	A	O
	infections.""	N	O
	uh	!	O
	huh...cuz	!	O
	that's	L	O
	not	R	O
	too	R	O
	vague.	A	O
	0	0	O
Sentence: 122	fuck	V	O
	some	D	O
	lamictal...almost	A	B-ADR
	died.	V	I-ADR
	#fuck	#	O
	0	0	O
Sentence: 123	i	O	O
	take	V	O
	500mg	N	O
	of	P	O
	lamictal	^	O
	everyday	N	O
	i'm	L	O
	tired	A	B-ADR
	leave	V	O
	me	O	O
	alone	R	O
	0	0	O
Sentence: 124	@URL	@	O
	that	O	O
	may	V	O
	change	V	O
	of	P	O
	course	N	O
	when	R	O
	my	D	O
	ativan	N	O
	and	&	O
	lamictal	A	O
	kicks	N	O
	in	P	O
	this	D	O
	morning....nah,	N	O
	probably	R	O
	not	R	O
	0	0	O
Sentence: 125	thankfully	R	O
	i	O	O
	can	V	O
	come	V	O
	off	T	O
	my	D	O
	lamictal	A	O
	in	P	O
	3	$	O
	days.	N	O
	tapering	V	O
	isn't	V	O
	as	R	O
	slow	A	O
	is	V	O
	titration	N	O
	0	0	O
Sentence: 126	fighting	V	O
	an	D	O
	ocd	^	B-ADR
	spike	^	O
	tonight;	N	O
	makes	V	O
	me	O	O
	worried	V	O
	about	P	O
	trading	V	O
	the	D	O
	lexapro	^	O
	in	P	O
	for	P	O
	lamictal.	A	O
	i	O	O
	don't	V	O
	do	V	O
	well	R	O
	without	P	O
	support	V	O
	for	P	O
	the	D	O
	ocd.	A	O
	0	0	O
Sentence: 127	lamictal	^	O
	dosage	N	O
	increases	V	O
	kind	N	O
	of	P	O
	wreck	V	B-ADR
	my	D	I-ADR
	head	N	I-ADR
	for	P	O
	a	D	O
	day	N	O
	or	&	O
	two.	$	O
	but	&	O
	they	O	O
	also	R	O
	make	V	O
	me	O	O
	super	R	O
	productive	A	O
	as	R	O
	long	A	O
	as	P	O
	i	O	O
	can	V	O
	do	V	O
	things	N	O
	slowly.	R	O
	0	0	O
Sentence: 128	@URL	@	O
	that's	L	O
	what	O	O
	u	O	O
	used	V	O
	to	P	O
	take	V	O
	that	O	O
	has	V	O
	wt	O	B-ADR
	loss	N	I-ADR
	as	P	O
	a	D	O
	side	N	O
	""benefit"".	N	O
	tell	V	O
	ur	D	O
	dr	N	O
	fuck	V	O
	abilify,	N	O
	i	O	O
	want	V	O
	me	O	O
	some	D	O
	lamictal.	A	O
	0	0	O
Sentence: 129	told	V	O
	them	O	O
	my	D	O
	medication	N	O
	runs	V	O
	out	T	O
	this	D	O
	week	N	O
	and	&	O
	isnt	V	O
	on	P	O
	repeat,	N	O
	which	D	O
	really	R	O
	bugs	V	O
	me,	O	O
	with	P	O
	it	O	O
	being	V	O
	lamotrigine	N	O
	i	O	O
	cant	V	O
	exactly	R	O
	go	V	O
	the	D	O
	weekend	N	O
	0	0	O
Sentence: 130	first	A	O
	day	N	O
	of	P	O
	reduction	N	O
	back	R	O
	down	R	O
	to	P	O
	normal	A	O
	dose	N	O
	of	P	O
	lamotrigine-before	R	O
	i	O	O
	could	V	O
	literally	R	O
	feel	V	O
	it	O	O
	irritating	A	B-ADR
	my	D	I-ADR
	nerve	N	I-ADR
	endings	N	I-ADR
	0	0	O
Sentence: 131	the	D	O
	smell	N	O
	of	P	O
	my	D	O
	lamotrigine	N	O
	makes	V	O
	me	O	O
	want	V	O
	to	P	O
	throw	V	O
	up	T	O
	this	O	O
	is	V	O
	fucking	R	O
	ridiculous	A	O
	0	0	O
Sentence: 132	why	R	O
	does	V	O
	tapering	V	O
	down	T	O
	lamotrigine	^	O
	feel	V	O
	as	P	O
	yucky	A	B-ADR
	as	P	O
	stepping	V	O
	it	O	O
	up?	T	O
	#soreashell	#	O
	0	0	O
Sentence: 133	day	N	O
	4:	P	O
	the	D	O
	initial	A	O
	lamotrigine	N	O
	lethargy	N	B-ADR
	kicked	V	O
	in	P	O
	the	D	O
	day	N	O
	before	P	O
	exams.	N	O
	i	O	O
	tell	V	O
	myself	O	O
	that	D	O
	possible	A	O
	failure	N	O
	is	V	O
	better	A	O
	than	P	O
	possible	A	O
	death.	N	O
	0	0	O
Sentence: 134	it	O	O
	turns	V	O
	out	T	O
	that	P	O
	i	O	O
	can	V	O
	still	R	O
	ride	V	O
	a	D	O
	bike	N	O
	in	P	O
	spite	N	O
	of	P	O
	my	D	O
	ataxia	N	B-ADR
	(side	N	O
	effect	N	O
	of	P	O
	lamotrigine)	^	O
	it	O	O
	has	V	O
	been	V	O
	at	P	O
	least	A	O
	25	$	O
	years.	N	O
	0	0	O
Sentence: 135	lamotrigine	^	O
	may	V	O
	be	V	O
	of	P	O
	interest	N	O
	for	P	O
	both	D	O
	prevention	N	O
	and	&	O
	treatment	N	O
	of	P	O
	brain	N	O
	metastases	N	O
	of	P	O
	her2+	D	O
	breast	N	O
	cancer.	N	O
	0	0	O
Sentence: 136	lamotrigine	^	O
	causing	V	O
	steven	^	B-ADR
	johnson	^	I-ADR
	syndrome	N	I-ADR
	0	0	O
Sentence: 137	#epilepsy	N	B-ADR
	is	V	O
	sucktastic.	A	O
	neuro	N	O
	appt	N	O
	monday	N	O
	to	P	O
	discuss	V	O
	a	D	O
	third	A	O
	med	N	O
	after	P	O
	getting	V	O
	the	D	O
	rash	N	O
	with	P	O
	lamotrigine	^	O
	and	&	O
	the	D	O
	glaucoma	N	B-ADR
	with	P	O
	topiramate.	^	O
	0	0	O
Sentence: 138	#bipolar	#	O
	meds	N	O
	think	V	O
	just	R	O
	#lithium	N	O
	for	P	O
	#monotherapy	^	O
	#lamotrigine	^	O
	for	P	O
	#rapidcycling	#	O
	#atypicalantipsychotics	#	O
	now	R	O
	revealing	V	O
	serious	A	O
	#sideeffects	N	O
	0	0	O
Sentence: 139	rt	~	O
	@URL:	N	O
	@URL	@	O
	didnt	V	O
	know	V	O
	lamotrigine	^	O
	was	V	O
	addictive	A	B-ADR
	stopped	V	O
	as	P	O
	didnt	V	O
	think	V	O
	were	V	O
	helping	V	O
	@URL	@	O
	3	$	B-ADR
	days	N	I-ADR
	of	P	I-ADR
	hell	N	I-ADR
	before	P	O
	realizedà	N	O
	0	0	O
Sentence: 140	allergic	A	B-ADR
	reaction	N	I-ADR
	to	P	O
	#lamotrigine.	V	O
	feel	V	O
	free	A	O
	to	P	O
	share	V	O
	&	&	O
	distribute.	V	O
	kill	V	O
	#bigpharma	#	O
	before	P	O
	it	O	O
	kills	V	O
	us.	O	O
	http://t.co/bkqnqwy5nk	U	O
	0	0	O
Sentence: 141	@URL	@	O
	@URL	@	O
	@URL	@	O
	#risperdal,	#	O
	#levaquin,	#	O
	the	D	O
	hips,	N	O
	now	R	O
	knees	N	O
	too,	P	O
	exelon,	^	O
	sec	N	O
	in	P	O
	greece	^	O
	et	N	O
	al	N	O
	gorsky	N	O
	is	V	O
	a	D	O
	nightmare	N	O
	0	0	O
Sentence: 142	@URL	@	O
	levaquin	N	O
	poisoned	V	B-ADR
	me	O	O
	and	&	O
	ruined	V	O
	my	D	O
	life!	N	O
	constant	A	O
	pain	N	B-ADR
	24/7!	$	O
	i	O	O
	hate	V	O
	you,	O	O
	levaquin!	N	O
	0	0	O
Sentence: 143	@URL	@	O
	@URL	@	O
	@URL	@	O
	psssh	!	O
	didn't	V	O
	levaquin	V	O
	make	V	O
	u	O	O
	hallucinate?	V	B-ADR
	girl	N	O
	u	O	O
	best	A	O
	stay	N	O
	away	R	O
	from	P	O
	shrooms	N	O
	lol	!	O
	0	0	O
Sentence: 144	levaquin	N	O
	sucks	V	O
	so	R	O
	much	A	O
	i'm	L	O
	coming	V	O
	off	T	O
	it.	D	O
	next	A	O
	up:	N	O
	cipro.	N	O
	can't	V	O
	we	O	O
	just	R	O
	take	V	O
	the	D	O
	damned	A	O
	kidney	N	B-ADR
	out???	P	O
	#oknotreally	#	O
	0	0	O
Sentence: 145	@URL	@	O
	awwwww	!	O
	livalo	!	O
	so	R	O
	sweet	A	O
	&lt;3	P	O
	you	O	O
	2	$	O
	0	0	O
Sentence: 146	nicotine	N	O
	lozenges	N	O
	are	V	O
	giving	V	O
	me	O	O
	stomach	N	B-ADR
	cramps.	N	I-ADR
	0	0	O
Sentence: 147	who	O	O
	wants	V	O
	2	P	O
	buy	V	O
	nicotine	N	O
	lozenges	N	O
	frum	P	O
	me!!	O	O
	all	X	O
	the	D	O
	high	N	O
	of	P	O
	a	D	O
	cigarette	N	O
	without	P	O
	the	D	O
	smoke!!!!!	N	O
	0	0	O
Sentence: 148	@URL	@	O
	eat	V	O
	a	D	O
	few	A	O
	marshmallows.	N	O
	they	O	O
	were	V	O
	originally	R	O
	invented	V	O
	as	P	O
	a	D	O
	lozenge	N	O
	for	P	O
	sore	A	O
	throats.	N	O
	0	0	O
Sentence: 149	i	O	O
	need	V	O
	a	D	O
	throat	N	O
	lozenge.	N	O
	?	,	O
	0	0	O
Sentence: 150	eat	V	O
	carrots	N	O
	then	R	O
	can	V	O
	only	R	O
	think	V	O
	until	P	O
	brunoise	N	O
	jullienne	N	O
	batonnet	N	O
	small	A	O
	dice	N	O
	lozenge	N	O
	chiffonade...	V	O
	lolwts.	D	O
	life	N	O
	of	P	O
	a	D	O
	culinary	A	O
	student	N	O
	??	,	O
	0	0	O
Sentence: 151	this	D	O
	lozenge	N	O
	is	V	O
	making	V	O
	my	D	O
	whole	A	O
	mouth	N	O
	numb...	A	B-ADR
	is	V	O
	that	D	O
	normal?	A	O
	0	0	O
Sentence: 152	i'm	L	O
	the	D	O
	lozenge	N	O
	that	P	O
	gotham	^	O
	deserves...	V	O
	(read	V	O
	in	P	O
	batman	^	O
	voice.)	N	O
	0	0	O
Sentence: 153	@URL	@	O
	*offers	V	O
	you	O	O
	a	D	O
	throat	N	O
	lozenge	N	O
	before	P	O
	going	V	O
	to	P	O
	make	V	O
	porridge*	N	O
	0	0	O
Sentence: 154	@URL	@	O
	orange:	A	O
	porridge,	N	O
	marriage,	N	O
	lozenge,	N	O
	courage,	N	O
	pwnage,	N	O
	ownage,	N	O
	iceage,	N	O
	hair	N	O
	singe,	N	O
	storage,	N	O
	old	A	O
	age,	N	O
	arrange	V	O
	0	0	O
Sentence: 155	the	D	O
	sultry,	A	O
	smug,	A	O
	douchy	A	O
	voice	N	O
	of	P	O
	joe	^	O
	buck.	N	O
	would	V	O
	you	O	O
	like	V	O
	a	D	O
	throat	N	O
	lozenge?	N	O
	#baseballnightinamerica	#	O
	#redsox	#	O
	#angels	#	O
	0	0	O
Sentence: 156	it	O	O
	can	V	O
	get	V	O
	really	R	O
	cold	A	B-ADR
	when	R	O
	you	O	O
	have	V	O
	a	D	O
	halls	N	O
	lozenge	N	O
	0	0	O
Sentence: 157	almost	R	B-ADR
	vomited	V	I-ADR
	on	P	O
	a	D	O
	zinc	N	O
	lozenge	N	O
	#yuk	#	O
	0	0	O
Sentence: 158	rt	~	O
	@URL:	N	O
	#todolist	#	O
	1-finish	$	O
	throat	N	O
	lozenge.	N	O
	2-record	$	O
	here's	L	O
	the	D	O
	thing	N	O
	for	P	O
	@URL.	N	O
	3-invent	$	O
	renewable	A	O
	energy	N	O
	source	N	O
	using	V	O
	à	G	O
	0	0	O
Sentence: 159	@URL	@	O
	somebody	N	O
	get	V	O
	that	D	O
	man	N	O
	a	D	O
	lozenge.	N	O
	#smackoff	#	O
	0	0	O
Sentence: 160	*takes	V	O
	chill	A	O
	lozenge*	N	O
	0	0	O
Sentence: 161	rt	~	O
	@URL:	N	O
	bron	^	O
	bron	^	O
	needs	V	O
	a	D	O
	cepacol	N	O
	lozenge.	N	O
	#coughcough	#	O
	0	0	O
Sentence: 162	melatonin	N	O
	in	P	O
	lozenge	N	O
	form	N	O
	is	V	O
	really	R	O
	dangerous	A	O
	for	P	O
	an	D	O
	oral	A	O
	fixation	N	O
	person	N	O
	like	P	O
	myself	O	O
	0	0	O
Sentence: 163	i	O	O
	sometimes	R	O
	eat	V	O
	this	O	O
	and	&	O
	pretend	V	O
	it's	L	O
	candy	N	O
	when	R	O
	it's	L	O
	actually	R	O
	not	R	O
	bec	R	O
	it's	L	O
	a	D	O
	lozenge	N	O
	:(	E	O
	oops	!	O
	http://t.co/eheigbmmln	U	O
	0	0	O
Sentence: 164	@URL	@	O
	@URL	@	O
	@URL	@	O
	maybe	R	O
	with	P	O
	a	D	O
	coach	N	O
	like	P	O
	this	O	O
	the	D	O
	team	N	O
	doesn't	V	O
	have	V	O
	all	D	O
	the	D	O
	blowups	^	O
	they've	L	O
	had	V	O
	under	P	O
	lozenge	^	O
	boy?	N	O
	0	0	O
Sentence: 165	rt	~	O
	@URL:	V	O
	it	O	O
	appears	V	O
	that	P	O
	my	D	O
	twitter	^	O
	addiction	N	B-ADR
	may	V	O
	have	V	O
	just	R	O
	been	V	O
	a	D	O
	side	N	O
	effect	N	O
	of	P	O
	my	D	O
	nicotine	N	O
	lozenge	N	O
	addiction.	N	O
	0	0	O
Sentence: 166	rt	~	O
	@URL:	N	O
	@URL	@	O
	not	R	O
	the	D	O
	cough	N	O
	suppressant	V	O
	ones.	N	O
	it	O	O
	should	V	O
	just	R	O
	be	V	O
	a	D	O
	throat	N	O
	lozenge	N	O
	made	V	O
	only	R	O
	of	P	O
	pectin.	N	O
	feel	V	O
	better	A	O
	soonà	N	O
	0	0	O
Sentence: 167	rt	~	O
	@URL:	N	O
	i'm	L	O
	in	P	O
	desperate	A	O
	need	N	O
	of	P	O
	a	D	O
	throat	N	O
	lozenge.	N	O
	0	0	O
Sentence: 168	i	O	O
	just	R	O
	got	V	O
	a	D	O
	lozenge.	N	O
	voice	N	B-ADR
	hasnt'	V	O
	recovered	V	O
	from	P	O
	wednesday.	^	O
	it's	L	O
	gonna	V	O
	be	V	O
	that	P	O
	kind	N	O
	of	P	O
	night.	N	O
	0	0	O
Sentence: 169	@URL	@	O
	they	O	O
	are	V	O
	on	P	O
	to	P	O
	you.	O	O
	poppin'	V	O
	metoprolol	N	O
	and	&	O
	she	O	O
	sweatin'.	V	B-ADR
	0	0	O
Sentence: 170	@URL	@	O
	i	O	O
	ran	V	O
	out	P	O
	of	P	O
	metoprolol	N	O
	back	R	O
	in	P	O
	2005.	$	O
	in	P	O
	2	$	O
	days,	N	O
	i	O	O
	could	V	O
	not	R	O
	take	V	O
	anything	N	O
	more	A	O
	than	P	O
	6	$	O
	inch	N	O
	steps	N	O
	with	P	O
	rest	N	O
	after	P	O
	every	D	O
	other	A	O
	one.	$	O
	0	0	O
Sentence: 171	a	D	O
	big	A	O
	ol'	A	O
	fuck	V	O
	you	O	O
	to	P	O
	my	D	O
	doctor	N	O
	for	P	O
	not	R	O
	telling	V	O
	me	O	O
	a	D	O
	side	N	O
	effect	N	O
	of	P	O
	metoprolol	^	O
	was	V	O
	depression.	N	B-ADR
	just	R	O
	wait	V	O
	until	P	O
	i	O	O
	see	V	O
	you	O	O
	friday	^	O
	-.-	E	O
	0	0	O
Sentence: 172	rt	~	O
	@URL:	N	O
	news:	N	O
	takeda	^	O
	type	N	O
	2	$	O
	diabetes	N	O
	therapies	N	O
	nesina	N	O
	alogliptin	N	O
	and	&	O
	fixeddose	N	O
	combinations	N	O
	kazano	V	O
	alogliptin	V	O
	and	&	O
	metformi...	O	O
	httà	V	O
	0	0	O
Sentence: 173	nicotine,	N	O
	caffeine	N	O
	and	&	O
	alcohol	N	O
	can	V	O
	only	R	O
	be	V	O
	my	D	O
	friend	N	O
	when	R	O
	loneliness	N	O
	0	0	O
Sentence: 174	got	V	O
	a	D	O
	smooth	A	O
	e-hookah.	N	O
	tobacco	N	O
	and	&	O
	nicotine	N	O
	free.	A	O
	just	R	O
	pure	A	O
	water	N	O
	vapor	N	O
	and	&	O
	peach	N	O
	flavoring.	N	O
	mastered	V	O
	the	D	O
	hookah	N	O
	smoke	N	O
	o's,	N	O
	hell	N	O
	yes	!	O
	0	0	O
Sentence: 175	niggas	N	O
	try	V	O
	an	D	O
	smoke	V	O
	you	O	O
	just	R	O
	like	P	O
	nicotine	N	O
	0	0	O
Sentence: 176	one	$	O
	of	P	O
	the	D	O
	lower	A	O
	points	N	O
	in	P	O
	your	D	O
	life	N	O
	is	V	O
	when	R	O
	you	O	O
	realise	V	O
	you	O	O
	can't	V	O
	concentrate	V	O
	on	P	O
	revision	N	O
	without	P	O
	nicotine	N	O
	0	0	O
Sentence: 177	my	D	O
	nigga	N	O
	dante	^	O
	addicted	V	B-ADR
	to	P	O
	that	D	O
	nicotine	N	O
	0	0	O
Sentence: 178	god	^	O
	there	X	O
	is	V	O
	nothing	N	O
	worse	A	O
	than	P	O
	nicotine	N	O
	withdrawal	N	B-ADR
	0	0	O
Sentence: 179	saying	V	O
	goodbye	!	O
	to	P	O
	smoking	V	O
	involves	V	O
	more	A	O
	than	P	O
	physical	A	O
	recovery	N	O
	from	P	O
	nicotine	^	O
	addiction	N	B-ADR
	#worldnotobaccoday	#	O
	(1)	$	O
	0	0	O
Sentence: 180	hahaha	!	O
	everyone's	L	O
	flippin	V	O
	out	T	O
	cus	P	O
	it's	L	O
	""no	D	O
	tobacco	N	O
	day""	N	O
	from	P	O
	today	N	O
	til	P	O
	2nd	$	O
	june.	^	O
	gonna	V	O
	have	V	O
	nicotine	N	O
	deprived	A	O
	crazies	N	O
	in	P	O
	the	D	O
	streets	N	O
	today	N	O
	0	0	O
Sentence: 181	kiss	V	O
	a	D	O
	nigga	N	O
	taste	V	O
	that	D	O
	nicotine	N	O
	0	0	O
Sentence: 182	go	V	O
	mario!	^	O
	:)	E	O
	rt	V	O
	@URL:	N	O
	1	$	O
	week	N	O
	strong	A	O
	nicotine	N	O
	free...	A	O
	0	0	O
Sentence: 183	so	R	O
	much	A	O
	for	P	O
	no	D	O
	nicotine	N	O
	withdrawal.	N	B-ADR
	think	V	O
	i've	L	O
	about	P	O
	pissed	V	O
	everyone	N	O
	off	P	O
	this	D	O
	week.	N	O
	#needacigarette	#	O
	0	0	O
Sentence: 184	not	R	O
	funny	A	O
	is	V	O
	running	V	O
	out	P	O
	of	P	O
	cigg	N	O
	no	D	O
	place	N	O
	to	P	O
	buy	V	O
	cause	P	O
	nicotine	N	O
	free	A	O
	day?	N	O
	0	0	O
Sentence: 185	going	V	O
	to	P	O
	bed	N	O
	with	P	O
	a	D	O
	nicotine	N	O
	patch	N	O
	on...	P	O
	i	O	O
	really	R	O
	hope	V	O
	i	O	O
	don't	V	O
	have	V	O
	a	D	O
	nightmare.......	N	B-ADR
	0	0	O
Sentence: 186	@URL	@	O
	he	O	O
	has	V	O
	me	O	O
	on	P	O
	ciprofloxacin	^	O
	and	&	O
	phenazopyride	N	O
	i	O	O
	had	V	O
	severe	A	O
	pain	N	B-ADR
	that	P	O
	started	V	O
	over	P	O
	the	D	O
	weekend	N	O
	when	R	O
	trying	V	O
	to	P	O
	use	V	O
	0	0	O
Sentence: 187	5th	A	O
	year	N	O
	intern	N	O
	doesn't	V	O
	know	V	O
	the	D	O
	brand	N	O
	name	N	O
	for	P	O
	ciprofloxacin.	^	O
	answers	V	O
	back	R	O
	with,	P	O
	""uh...	,	O
	levaquin.""	N	O
	#fml	N	O
	#pharmacyproblems	#	O
	0	0	O
Sentence: 188	treatment:	N	O
	1)	$	O
	antibiotic	N	O
	therapy:	N	O
	cotrimazole,	N	O
	ciprofloxacin,cephalosporin,amoxycillin	V	O
	0	0	O
Sentence: 189	@URL	@	O
	#cillaxin?	#	O
	is	V	O
	that	O	O
	a	D	O
	new	A	O
	medicine	N	O
	of	P	O
	some	D	O
	kind?	N	O
	like	P	O
	amoxicillin?	N	O
	or	&	O
	ciprofloxacin?	N	O
	;-)	E	O
	0	0	O
Sentence: 190	@URL	@	O
	@URL	@	O
	unexpected	A	O
	and	&	O
	potentially	R	O
	problematic-others	A	O
	like	P	O
	ciprofloxacin	N	O
	increase	V	O
	bc	P	O
	levels,	N	O
	causing	V	O
	more	A	O
	side	N	O
	effects	N	O
	0	0	O
Sentence: 191	this	D	O
	levofloxacin	N	O
	got	V	O
	me	O	O
	feeling	V	O
	sick	A	B-ADR
	to	P	I-ADR
	my	D	I-ADR
	stomach!!	N	I-ADR
	ugh!!	!	O
	0	0	O
Sentence: 192	@URL	@	O
	erm	!	O
	yeah..	!	O
	yu	O	O
	know	V	O
	it..	O	O
	i	O	O
	should	V	O
	get	V	O
	you	O	O
	some	D	O
	olanzapine	N	O
	from	P	O
	the	D	O
	chemist	N	O
	?	,	O
	0	0	O
Sentence: 193	time	N	O
	for	P	O
	my	D	O
	commute.	N	O
	wondering	V	O
	if	P	O
	i'm	L	O
	going	V	O
	to	P	O
	cope	V	O
	with	P	O
	this	D	O
	everyday.	N	O
	it's	L	O
	like	P	B-ADR
	wading	V	I-ADR
	through	P	I-ADR
	treacle	N	I-ADR
	getting	V	I-ADR
	up	T	I-ADR
	so	R	O
	early	A	O
	on	P	O
	olanzapine	^	O
	0	0	O
Sentence: 194	on	P	O
	today's	S	O
	ride	N	O
	i	O	O
	burnt	V	O
	1119	$	O
	calories.	N	O
	take	V	O
	that	D	O
	olanzapine	V	O
	you	O	O
	hunger	N	B-ADR
	inducing	V	I-ADR
	bastard!!!	N	O
	0	0	O
Sentence: 195	fun	A	O
	facts:	N	O
	do	V	O
	you	O	O
	know	V	O
	what	O	O
	medications	N	O
	are	V	O
	4	P	O
	bipolar	A	O
	depression?	N	O
	currently	R	O
	#fda	#	O
	approve	V	O
	combo	N	O
	of	P	O
	#olanzapine	^	O
	&	&	O
	#fluoxetine	#	O
	0	0	O
Sentence: 196	actually	R	O
	it	O	O
	was	V	O
	more	R	O
	like	P	O
	a	D	O
	prison	N	O
	but	&	O
	with	P	O
	nurses	N	O
	instead	R	O
	of	P	O
	guards,	N	O
	olanzapine	A	O
	pill	N	O
	n	&	O
	im=	L	O
	#zombies	#	B-ADR
	0	0	O
Sentence: 197	evening	N	O
	dose	N	O
	of	P	O
	lithium	N	O
	and	&	O
	olanzapine	O	O
	really	R	O
	knocks	V	B-ADR
	me	O	I-ADR
	out.	T	I-ADR
	in	P	O
	bed	N	O
	at	P	O
	10.30pm	$	O
	on	P	O
	a	D	O
	friday	^	O
	night.	N	O
	rock	N	O
	and	&	O
	roll...#mylife	V	O
	0	0	O
Sentence: 198	@URL	@	O
	i	O	O
	take	V	O
	olanzapine	A	O
	and	&	O
	have	V	O
	a	D	O
	permanent	A	O
	dry	A	B-ADR
	mouth	N	I-ADR
	what	O	O
	can	V	O
	i	O	O
	do	V	O
	to	P	O
	help	V	O
	it	O	O
	0	0	O
Sentence: 199	dr;	^	O
	hello	!	O
	dave.	^	O
	david;	^	O
	is	V	O
	that	O	O
	an	D	O
	old	A	O
	computer.	N	O
	dr;	^	O
	i`m	L	O
	not	R	O
	sure.	A	O
	david;	^	O
	what	O	O
	operating	N	O
	system	N	O
	dr;	N	O
	here`s	L	O
	some	D	O
	olanzapine,	N	O
	see	V	O
	you	O	O
	next	A	O
	week	N	O
	0	0	O
Sentence: 200	olanzapine	^	O
	together.	R	O
	olanzapine	^	O
	is	V	O
	causing	V	O
	me	O	O
	to	P	O
	gain	V	O
	weight	N	O
	because	P	O
	i	O	O
	binge	N	B-ADR
	eat	V	O
	on	P	O
	it,	O	O
	normally	R	O
	in	P	O
	the	D	O
	evening.	N	O
	also	R	O
	sick	A	O
	of	P	O
	the	D	O
	joint	N	B-ADR
	pain	N	I-ADR
	0	0	O
Sentence: 201	although	P	O
	my	D	O
	bitching	N	O
	about	P	O
	being	V	O
	fat	A	O
	did	V	O
	look	V	O
	a	D	O
	but	&	O
	comical	A	O
	next	A	O
	to	P	O
	my	D	O
	brother,	N	O
	with	P	O
	his	D	O
	olanzapine	A	O
	induced	A	O
	weight	N	B-ADR
	gain.	V	I-ADR
	0	0	O
Sentence: 202	@URL	@	O
	i	O	O
	can	V	O
	relate	V	O
	to	P	O
	the	D	O
	olanzapine	^	B-ADR
	lbs,	N	I-ADR
	but	&	O
	you'll	L	O
	be	V	O
	great!	A	O
	0	0	O
Sentence: 203	@URL	@	O
	best	A	O
	of	P	O
	luck	N	O
	man!	N	O
	and	&	O
	they	O	O
	do	V	O
	suck	V	O
	:/	E	O
	i	O	O
	was	V	O
	on	P	O
	olanzapine	^	O
	(abilify	^	O
	didnt	V	O
	work)...was	V	O
	awful,	A	O
	gained	V	B-ADR
	3stone.	V	I-ADR
	off	T	O
	it	O	O
	nw	V	O
	n	&	O
	doin	V	O
	gud!	A	O
	0	0	O
Sentence: 204	@URL	@	O
	isn't	V	O
	zyprexa	N	O
	also	R	O
	called	V	O
	olanzapine,	^	O
	if	P	O
	so	R	O
	ppl	N	O
	need	V	O
	to	P	O
	be	V	O
	careful	A	O
	of	P	O
	side	N	O
	effects	N	O
	&addiction,	N	B-ADR
	can	V	O
	do	V	O
	more	A	O
	harm	N	O
	than	P	O
	good	A	O
	0	0	O
Sentence: 205	@URL	@	O
	we'll	L	O
	always	R	O
	be	V	O
	together,	R	O
	together	R	O
	in	P	O
	olanzapine	^	O
	dreeeams...	^	O
	0	0	O
Sentence: 206	i	O	O
	think	V	O
	i	O	O
	would	V	O
	become	V	O
	catatonic	A	O
	if	P	O
	i	O	O
	stopped	V	O
	my	D	O
	olanzapine	N	O
	completely	R	O
	0	0	O
Sentence: 207	@URL	@	O
	i	O	O
	was	V	O
	on	P	O
	quetiapine	^	B-ADR
	and	&	O
	gained	V	B-ADR
	40lbs	N	I-ADR
	&lt;wall&gt;	N	O
	so	P	O
	i	O	O
	am	V	O
	not	R	O
	even	R	O
	trying	V	O
	olanzapine.	P	O
	they	O	O
	gave	V	O
	me	O	O
	abilify	^	O
	cause	P	O
	it	O	O
	not	R	O
	supposed	A	O
	to	P	O
	0	0	O
Sentence: 208	@URL	@	O
	olanzapine	^	O
	made	V	O
	me	O	O
	gain	V	B-ADR
	20	$	I-ADR
	lbs	N	I-ADR
	in	P	O
	a	D	O
	few	A	O
	months,	N	O
	plus	P	O
	it	O	O
	gave	V	O
	me	O	O
	bad	A	O
	acne	N	B-ADR
	breakouts.	N	O
	had	V	O
	to	P	O
	beg	V	O
	my	D	O
	old	A	O
	shrink	N	O
	to	P	O
	take	V	O
	me	O	O
	off	T	O
	it	O	O
	0	0	O
Sentence: 209	i	O	O
	need	V	O
	to	P	O
	grow	V	O
	up.	T	O
	and	&	O
	i	O	O
	need	V	O
	my	D	O
	paroxetine.	N	O
	and	&	O
	i	O	O
	need	V	O
	to	P	O
	go	V	O
	order	V	O
	prints	N	O
	what	O	O
	is	V	O
	my	D	O
	problem	N	O
	(money.	N	O
	money	N	O
	is	V	O
	my	D	O
	problem)	N	O
	0	0	O
Sentence: 210	throbbing	V	O
	headache	N	B-ADR
	from	P	O
	not	R	O
	having	V	O
	my	D	O
	pills.	N	O
	2	$	O
	pills	N	O
	left	V	O
	i	O	O
	need	V	O
	to	P	O
	save.	V	O
	this	O	O
	sucks	V	O
	:(	E	O
	#paroxetine	#	O
	#socialanxiety	#	B-ADR
	0	0	O
Sentence: 211	so	R	O
	yes,	!	O
	relative	A	O
	risk	N	O
	is	V	O
	doubled.	V	O
	but	&	O
	absolute	A	O
	risk	N	O
	is	V	O
	halved	V	O
	compared	V	O
	to	P	O
	what	O	O
	they	O	O
	say.	V	O
	and	&	O
	only	R	O
	for	P	O
	paroxetine.	^	O
	0	0	O
Sentence: 212	#fda	#	O
	has	V	O
	approved	V	O
	paroxetine	^	O
	(ssri),	^	O
	to	P	O
	treat	V	O
	moderate	A	O
	to	P	O
	severe	A	O
	hot	A	O
	flashes	N	O
	associated	V	O
	with	P	O
	menopause.	N	O
	0	0	O
Sentence: 213	lester	^	O
	holt	^	O
	nbc	^	O
	just	R	O
	hyped	V	O
	a	D	O
	""new	A	O
	drug""	N	O
	for	P	O
	hot	A	O
	flashes;	N	O
	not	R	O
	a	D	O
	new	A	O
	drug,	N	O
	it	O	O
	is	V	O
	simply	R	O
	paroxetine	A	O
	rebranded.	V	O
	nbc	^	O
	needs	V	O
	new	A	O
	science	N	O
	editor!	N	O
	0	0	O
Sentence: 214	@URL	@	O
	my	D	O
	friends	N	O
	are	V	O
	annoying	A	O
	me	O	O
	and	&	O
	i'm	L	O
	having	V	O
	withdrawls	N	B-ADR
	from	P	O
	the	D	O
	paxil	^	O
	because	P	O
	american	^	O
	healthcare	N	O
	is	V	O
	a	D	O
	joke	N	O
	:(	E	O
	0	0	O
Sentence: 215	paxil	^	O
	withdrawal	N	B-ADR
	is	V	O
	nasty.	A	O
	do	V	O
	not	R	O
	like.	P	O
	0	0	O
Sentence: 216	all	X	O
	the	D	O
	same,	A	O
	forward	A	O
	spite	N	O
	of	P	O
	paxil	^	O
	medicamentation,	^	O
	high	A	O
	blown	A	O
	willpower	N	O
	and	&	O
	a	D	O
	divine	A	O
	breath	N	O
	hope	V	O
	to	P	O
	god	^	O
	in	P	O
	or:	&	O
	0	0	O
Sentence: 217	paxil	^	O
	makes	V	O
	it	O	O
	nearly	R	O
	impossible	A	B-ADR
	to	P	I-ADR
	cry.	V	I-ADR
	0	0	O
Sentence: 218	@URL	@	O
	@URL	@	O
	amil	^	O
	isnt	V	O
	so	R	O
	bad,	A	O
	paxil	^	O
	makes	V	O
	everything	N	O
	slow	A	B-ADR
	and	&	O
	haldol	^	O
	is	V	O
	ok,	A	O
	and	&	O
	haldol	^	O
	..	,	O
	i	O	O
	dunno	V	O
	how	R	O
	to	P	O
	explain	V	O
	what	O	O
	it	O	O
	does	V	O
	0	0	O
Sentence: 219	@URL	@	O
	paxil	^	O
	didn't	V	O
	fit	V	O
	me	O	O
	either.	R	O
	it's	L	O
	great	A	O
	for	P	O
	many.	A	O
	i'm	L	O
	on	P	O
	nothing	N	O
	at	P	O
	all.	N	O
	recently	R	O
	quit	V	O
	drinking	V	O
	too.	R	O
	0	0	O
Sentence: 220	@URL	@	O
	paxil?	^	O
	more	R	O
	like	P	O
	paxchill.	^	O
	8)	R	O
	0	0	O
Sentence: 221	i've	L	O
	been	V	O
	on	P	O
	paxil	^	O
	for	P	O
	10	$	O
	years	N	O
	for	P	O
	depression/anxiety	N	B-ADR
	and	&	O
	at	P	O
	first	A	O
	it	O	O
	used	V	O
	to	P	O
	help	V	O
	but	&	O
	i	O	O
	guess	V	O
	i've	L	O
	built	V	O
	up	T	O
	tolerance	N	O
	and	&	O
	i	O	O
	come	V	O
	too	R	O
	fast.	A	O
	0	0	O
Sentence: 222	for	P	O
	mothers	N	O
	day;	N	O
	i	O	O
	gave	V	O
	my	D	O
	mom	N	O
	a	D	O
	gift	N	O
	card,	N	O
	a	D	O
	bottle	N	O
	of	P	O
	wine	N	O
	and	&	O
	a	D	O
	3	$	O
	month	N	O
	supply	N	O
	of	P	O
	paxil...im	^	O
	definitely	R	O
	her	D	O
	fucking	R	O
	favorite!	A	O
	#mothersday	#	O
	0	0	O
Sentence: 223	can't	V	O
	seem	V	O
	to	P	O
	find	V	O
	an	D	O
	episode	N	O
	of	P	O
	intervention	N	O
	for	P	O
	all	D	O
	the	D	O
	drugs	N	O
	i	O	O
	got	V	O
	put	V	O
	on	P	O
	as	P	O
	a	D	O
	kid	N	O
	that	P	O
	i	O	O
	can't	V	O
	get	V	O
	off.	T	O
	huh	!	O
	wonder	V	O
	why-	R	O
	*paxil	^	O
	ad	N	O
	plays*	V	O
	0	0	O
Sentence: 224	@URL	@	O
	if	P	O
	they	O	O
	don't	V	O
	work	V	O
	for	P	O
	you	O	O
	try	V	O
	fexofenadine	R	O
	and	&	O
	talk	V	O
	to	P	O
	your	D	O
	doc	N	O
	in	P	O
	case	N	O
	of	P	O
	contraindications	N	O
	with	P	O
	paxil	^	O
	0	0	O
Sentence: 225	don't	V	O
	ever	R	O
	take	V	O
	paxil	^	O
	&	&	O
	drink	V	O
	beer.	N	O
	i'm	L	O
	just	R	O
	sayinn..	V	O
	fuck	V	O
	0	0	O
Sentence: 226	off	P	O
	paxil,	^	O
	back	R	O
	on	P	O
	zoloft	N	O
	&	&	O
	cutting	V	O
	down.	R	O
	also,	R	O
	cutting	V	O
	down	T	O
	my	D	O
	klonopin.	N	O
	moving	V	O
	in	P	O
	the	D	O
	right	A	O
	direction.	N	O
	#progress	N	O
	#medtalk	#	O
	0	0	O
Sentence: 227	today	N	O
	is	V	O
	the	D	O
	day	N	O
	i	O	O
	totally	R	O
	ditch	V	O
	zoloft	N	O
	and	&	O
	switch	V	O
	to	P	O
	paxil	^	O
	only	R	O
	0	0	O
Sentence: 228	rt	~	O
	@URL:	N	O
	we	O	O
	represent	V	O
	people	N	O
	injured	V	O
	by	P	O
	dangerous	A	O
	drugs	N	O
	&	&	O
	vaccines	N	O
	including:	V	O
	ssri	^	O
	drugs:	N	O
	paxil,	N	O
	zoloft,	N	O
	effexor,	G	O
	celexa,	A	O
	lexapro,	^	O
	à	G	O
	0	0	O
Sentence: 229	this	D	O
	paxil	^	O
	makes	V	O
	me	O	O
	pee	V	B-ADR
	so	R	I-ADR
	often	R	I-ADR
	omg	!	O
	#sorrynotsorry	#	O
	0	0	O
Sentence: 230	i	O	O
	think	V	O
	i	O	O
	might	V	O
	have	V	O
	to	P	O
	try	V	O
	something	N	O
	else	R	O
	than	P	O
	paxil.	^	O
	though,	P	O
	i	O	O
	do	V	O
	enjoy	V	O
	it	O	O
	with	P	O
	abilify	^	O
	so	P	O
	that	P	O
	my	D	O
	mood	N	B-ADR
	is	V	I-ADR
	stable,	A	I-ADR
	just	R	O
	does	V	O
	nothing	N	O
	for	P	O
	0	0	O
Sentence: 231	@URL	@	O
	my	D	O
	doctor	N	O
	gave	V	O
	me	O	O
	paxil,	^	O
	which	D	O
	i	O	O
	think	V	O
	is	V	O
	similar	A	O
	but	&	O
	it's	L	O
	made	V	O
	me	O	O
	feel	V	B-ADR
	like	P	I-ADR
	crap.	N	I-ADR
	0	0	O
Sentence: 232	promise,	V	O
	brownies	N	O
	honor	N	O
	i'm	L	O
	not	R	O
	stupid,	A	O
	i	O	O
	have	V	O
	been	V	O
	forgetting	V	B-ADR
	everything	N	O
	lately	R	O
	#paxil	^	O
	0	0	O
Sentence: 233	are	V	O
	you	O	O
	like	V	O
	on	P	O
	paxil	^	O
	or	&	O
	something	N	O
	?	,	O
	because	P	O
	you	O	O
	haven't	V	O
	had	V	O
	a	D	O
	meltdown	N	O
	and	&	O
	you	O	O
	don't	V	O
	get	V	O
	worked	V	O
	up	T	O
	anymore	R	O
	0	0	O
Sentence: 234	@URL	@	O
	if	P	O
	i	O	O
	were	V	O
	to	P	O
	find	V	O
	you	O	O
	at	P	O
	paxil	^	O
	would	V	O
	you	O	O
	let	V	O
	me	O	O
	stroke	V	O
	your	D	O
	beard?	N	O
	#beingacreep	#	O
	0	0	O
Sentence: 235	what	O	O
	i	O	O
	lack	V	O
	in	P	O
	money	N	O
	and	&	O
	personality,	N	O
	i	O	O
	make	V	O
	up	T	O
	for	P	O
	in	P	O
	paxil	^	O
	induced	A	O
	impotency	N	B-ADR
	0	0	O
Sentence: 236	ssri	^	O
	birth	N	O
	injury	N	O
	drugs:	N	O
	celexa,	N	O
	effexor,	G	O
	lexapro,	^	O
	paxil,	^	O
	prozac,	N	O
	and	&	O
	zoloft.	N	O
	call	N	O
	now	R	O
	to	P	O
	speak	V	O
	with	P	O
	an	D	O
	attorney.	N	O
	1.888.520.5202.	$	O
	0	0	O
Sentence: 237	mark	^	O
	munoz	^	O
	plans	N	O
	on	P	O
	taking	V	O
	paxil	^	O
	inbetween	P	O
	rounds.	N	O
	#ufc162	#	O
	0	0	O
Sentence: 238	things	N	O
	which	D	O
	are	V	O
	the	D	O
	spawn	N	O
	of	P	O
	satin:	N	O
	mosquitoes,	N	O
	bananas,	N	O
	facebook,	^	O
	paxil	^	O
	withdrawal	N	B-ADR
	symptoms.	N	O
	#bewareofsatin	#	O
	0	0	O
Sentence: 239	sounds	V	O
	like	P	O
	pradaxa	N	O
	review	N	O
	sets	V	O
	new	A	O
	precedent	N	O
	for	P	O
	pbs	^	O
	listing:	N	O
	new	A	O
	drugs	N	O
	won't	V	O
	be	V	O
	listed	V	O
	if	P	O
	old	A	O
	ones	N	O
	(like	P	O
	warfarin)	N	O
	being	V	O
	used	V	O
	suboptimally	R	O
	0	0	O
Sentence: 240	@URL	@	O
	yeah,	!	O
	pristiq	N	O
	is	V	O
	a	D	O
	different	A	O
	formulation	N	O
	or	&	O
	something	N	O
	of	P	O
	effexor.	^	O
	so	R	O
	similar	A	O
	withdrawal	N	B-ADR
	stuff	N	O
	:(	E	O
	0	0	O
Sentence: 241	@URL	@	O
	@URL	@	O
	i'm	L	O
	with	P	O
	you.	O	O
	even	R	O
	though	P	O
	the	D	O
	pristiq	N	O
	works,	V	O
	i	O	O
	still	R	O
	don't	V	B-ADR
	feel	V	I-ADR
	fully	R	I-ADR
	human.	A	I-ADR
	0	0	O
Sentence: 242	my	D	O
	sleep	N	B-ADR
	schedule	N	O
	is	V	O
	all	D	O
	fucked	V	O
	up	T	O
	and	&	O
	pristiq	N	O
	is	V	O
	making	V	O
	me	O	O
	gain	V	B-ADR
	weight	N	I-ADR
	and	&	O
	i	O	O
	don't	V	O
	like	V	O
	this	O	O
	0	0	O
Sentence: 243	i've	L	O
	had	V	O
	no	D	B-ADR
	appetite	N	I-ADR
	since	P	O
	i	O	O
	started	V	O
	on	P	O
	prozac,	N	O
	i	O	O
	guess	V	O
	that's	L	O
	a	D	O
	good	A	O
	thing	N	O
	0	0	O
Sentence: 244	prozac	^	O
	nation	N	O
	is	V	O
	v	R	O
	good	A	O
	even	R	O
	tho	P	O
	i'm	L	O
	on	P	O
	chapter	N	O
	one	$	O
	0	0	O
Sentence: 245	i	O	O
	am	V	O
	way	N	O
	too	R	O
	hyper	A	B-ADR
	to	P	O
	go	V	O
	home	R	O
	and	&	O
	do	V	O
	nothing	N	O
	tonight	R	O
	:(	E	O
	damn	!	O
	prozac	^	O
	&gt;.&lt;	N	O
	0	0	O
Sentence: 246	rules	N	O
	of	P	O
	prozac:	N	O
	1:	$	O
	you	O	O
	can	V	O
	never	R	O
	sleep,	V	O
	ever	R	O
	again.	R	O
	never	R	O
	ever	R	O
	2:	$	O
	no	!	O
	you	O	O
	may	V	B-ADR
	not	R	I-ADR
	switch	V	I-ADR
	your	D	I-ADR
	brain	N	I-ADR
	off.	P	I-ADR
	ever.	R	O
	3:	$	O
	exhaustion	N	B-ADR
	is	V	O
	your	D	O
	friend.	N	O
	0	0	O
Sentence: 247	*me	O	O
	on	P	O
	the	D	O
	intro	N	O
	to	P	O
	my	D	O
	rap	N	O
	song*	N	O
	yo	P	O
	shout	V	O
	out	T	O
	to	P	O
	my	D	O
	prozac	N	O
	prescription	N	O
	and	&	O
	my	D	O
	girlfriend	N	O
	who	O	O
	doesn't	V	O
	really	R	O
	like	V	O
	me	O	O
	that	R	O
	much	A	O
	2006	$	O
	shit	N	O
	boi	N	O
	0	0	O
Sentence: 248	the	D	O
	weather	N	O
	is	V	O
	on	P	O
	prozac	N	O
	now?	R	O
	rt	~	O
	@URL	@	O
	dry	A	O
	weather	N	O
	expected	V	O
	in	P	O
	the	D	O
	country.	N	O
	temperatures	N	O
	would	V	O
	start	V	O
	to	P	O
	rise.	V	O
	depression	N	O
	weakens	V	O
	0	0	O
Sentence: 249	bananas	N	O
	contain	V	O
	a	D	O
	natural	A	O
	chemical	N	O
	that	P	O
	can	V	O
	make	V	O
	a	D	O
	person	N	O
	happy	A	O
	-	,	O
	the	D	O
	same	A	O
	chemical	N	O
	found	V	O
	in	P	O
	prozac.	N	O
	0	0	O
Sentence: 250	@URL:	N	O
	bananas	N	O
	contain	V	O
	a	D	O
	natural	A	O
	chemical	N	O
	that	P	O
	can	V	O
	make	V	O
	a	D	O
	person	N	O
	happy	A	O
	-	,	O
	the	D	O
	same	A	O
	chemical	N	O
	found	V	O
	in	P	O
	prozac.@URL	N	O
	0	0	O
Sentence: 251	bananas	N	O
	contain	V	O
	a	D	O
	natural	A	O
	chemical	N	O
	that	P	O
	can	V	O
	make	V	O
	a	D	O
	person	N	O
	happy	A	O
	-	,	O
	the	D	O
	same	A	O
	chemical	N	O
	found	V	O
	in	P	O
	prozac.	N	O
	(via	P	O
	@URL)	N	O
	0	0	O
Sentence: 252	wow	!	O
	""@URL:	N	O
	bananas	N	O
	contain	V	O
	a	D	O
	natural	A	O
	chemical	N	O
	that	P	O
	can	V	O
	make	V	O
	a	D	O
	person	N	O
	happy	A	O
	-	,	O
	the	D	O
	same	A	O
	chemical	N	O
	found	V	O
	in	P	O
	prozac.""	N	O
	0	0	O
Sentence: 253	@URL:	N	O
	bananas	N	O
	contain	V	O
	a	D	O
	natural	A	O
	chemical	N	O
	that	P	O
	can	V	O
	make	V	O
	a	D	O
	person	N	O
	happy	A	O
	-	,	O
	the	D	O
	same	A	O
	chemical	N	O
	found	V	O
	in	P	O
	prozac.	N	O
	0	0	O
Sentence: 254	ô@URL:	!	O
	bananas	N	O
	contain	V	O
	a	D	O
	natural	A	O
	chemical	N	O
	that	P	O
	can	V	O
	make	V	O
	a	D	O
	person	N	O
	happy	A	O
	-	,	O
	the	D	O
	same	A	O
	chemical	N	O
	found	V	O
	in	P	O
	prozac.ö	N	O
	oops	!	O
	i	O	O
	hate	V	O
	bananas	N	O
	0	0	O
Sentence: 255	whenever	R	O
	i	O	O
	drink	V	O
	and	&	O
	im	L	O
	on	P	O
	prozac	N	O
	i	O	O
	always	R	O
	feel	V	O
	a	D	O
	little	A	O
	bit	N	O
	sick	A	B-ADR
	and	&	O
	twice	R	B-ADR
	as	R	I-ADR
	drunk	A	I-ADR
	as	P	O
	i	O	O
	usually	R	O
	would	V	O
	0	0	O
Sentence: 256	the	D	O
	score	N	O
	to	P	O
	carl	^	O
	sagan's	Z	O
	'cosmos'	N	O
	is	V	O
	like	P	O
	prozac	N	O
	to	P	O
	me.	O	O
	#sagan	#	O
	#science	#	O
	#space	#	O
	0	0	O
Sentence: 257	suffice	V	O
	to	P	O
	say	V	O
	i	O	O
	am	V	O
	not	R	O
	particularly	R	O
	a	D	O
	fan	N	O
	of	P	O
	quetiapine	^	O
	sponsored	V	O
	dreams	N	B-ADR
	0	0	O
Sentence: 258	end	N	O
	of	P	O
	day	N	O
	2	$	O
	-much	R	O
	better	A	O
	but	&	O
	still	R	O
	upping	V	O
	dosage	N	O
	-lets	V	O
	hope	V	O
	for	P	O
	more	A	O
	movement	N	O
	tomor!	N	O
	#newmeds	#	O
	#meantalhealth	#	O
	#bipolar	#	B-ADR
	#quetiapine	#	O
	0	0	O
Sentence: 259	journal	N	O
	articles	N	O
	fulminant	V	O
	hepatic	^	O
	failure	N	O
	in	P	O
	association	N	O
	with	P	O
	quetiapine	^	O
	journal	N	O
	of	P	O
	medical	A	O
	case	N	O
	reports,	N	O
	april	^	O
	26,	$	O
	2013	$	O
	0	0	O
Sentence: 260	@URL	@	O
	that's	L	O
	what	O	O
	i	O	O
	said	V	O
	last	A	O
	time,	N	O
	and	&	O
	the	D	O
	fucker	N	O
	gave	V	O
	me	O	O
	quetiapine!	R	O
	0	0	O
Sentence: 261	food	N	O
	doesn't	V	O
	help	V	O
	for	P	O
	energy,	N	B-ADR
	not	R	O
	sure	A	O
	how	R	O
	to	P	O
	get	V	O
	some	D	O
	get	V	O
	up	T	O
	and	&	O
	go!	V	O
	#newmeds	#	O
	#quetiapine	#	O
	#bipolar	#	B-ADR
	0	0	O
Sentence: 262	my	D	O
	increase	N	O
	of	P	O
	quetiapine	^	O
	is	V	O
	making	V	O
	me	O	O
	so	R	O
	tired	A	B-ADR
	#sleepy	#	I-ADR
	0	0	O
Sentence: 263	celebrating	V	O
	nearly	R	O
	one	$	O
	year	N	O
	on	P	O
	quetiapine	^	O
	with	P	O
	some	D	O
	delicious	A	O
	quetiapine.	N	O
	mmm.	!	O
	quick	A	O
	release	N	O
	for	P	O
	instant	A	O
	no-madness.	!	B-ADR
	0	0	O
Sentence: 264	@URL	@	O
	been	V	O
	thailand	^	O
	so	R	O
	many	A	O
	time	N	O
	it's	L	O
	lovely	A	O
	but	&	O
	always	R	O
	seem	V	O
	to	P	O
	have	V	O
	bad	A	B-ADR
	dreams	N	I-ADR
	every	N	O
	since	P	O
	i	O	O
	been	V	O
	on	P	O
	quetiapine	^	O
	x	E	O
	0	0	O
Sentence: 265	@URL	@	O
	quetiapine	A	O
	withdrawals.	N	B-ADR
	0	0	O
Sentence: 266	just	R	B-ADR
	about	P	I-ADR
	dead,	A	I-ADR
	think	V	O
	it's	L	O
	bedtime..	N	O
	fuck	V	O
	you	O	O
	quetiapine	V	O
	0	0	O
Sentence: 267	@URL	@	O
	citalopram	^	O
	and	&	O
	quetiapine,	V	O
	not	R	O
	really	R	O
	withdrawal	A	O
	but	&	O
	my	D	O
	dose	N	O
	has	V	O
	been	V	O
	halved	V	O
	and	&	O
	i	O	O
	haven't	V	O
	got	V	O
	used	V	O
	to	P	O
	it	O	O
	yet:(	R	O
	0	0	O
Sentence: 268	@URL	@	O
	i	O	O
	lost	V	O
	weight	N	B-ADR
	in	P	O
	the	D	O
	past	A	O
	but	&	O
	it	O	O
	was	V	O
	much	R	O
	easier.	A	O
	like	P	O
	2	$	O
	steps	N	O
	forward,	R	O
	one	$	O
	step	N	O
	back	R	O
	on	P	O
	the	D	O
	quetiapine.	N	O
	0	0	O
Sentence: 269	took	V	O
	a	D	O
	quetiapine	N	O
	it's	L	O
	been	V	O
	a	D	O
	while	N	O
	and	&	O
	i'm	L	O
	ready	A	O
	for	P	O
	bed,	N	O
	so	P	O
	tiiiiired	A	B-ADR
	0	0	O
Sentence: 270	i	O	O
	think	V	O
	i'm	L	O
	gong	V	O
	to	P	O
	speak	V	O
	my	D	O
	gp	N	O
	about	P	O
	reducing	V	O
	quetiapine	A	O
	dosage.	N	O
	the	D	O
	weight	N	B-ADR
	gain	V	I-ADR
	from	P	O
	it	O	O
	is	V	O
	scaring	V	O
	the	D	O
	hell	N	O
	out	P	O
	of	P	O
	me.	O	O
	0	0	O
Sentence: 271	anyone	N	O
	ever	R	O
	taken	V	O
	quetiapine?	R	O
	i've	L	O
	been	V	O
	on	P	O
	it	O	O
	for	P	O
	a	D	O
	week,	N	O
	not	R	O
	too	R	O
	sure	A	O
	how	R	O
	i	O	O
	feel	V	O
	about	P	O
	it	O	O
	yet.	R	O
	anyone	N	O
	want	V	O
	to	P	O
	share	V	O
	their	D	O
	experience?	N	O
	0	0	O
Sentence: 272	sleeping	V	B-ADR
	my	D	I-ADR
	life	N	I-ADR
	away	R	I-ADR
	on	P	O
	#quetiapine.	#	O
	fine	A	O
	by	P	O
	me.	O	O
	0	0	O
Sentence: 273	in	P	O
	other	A	O
	news,	N	O
	i've	L	O
	got	V	O
	my	D	O
	first	A	O
	weird	A	O
	side	N	O
	effect	N	O
	from	P	O
	quetiapine.	^	O
	numbness	N	B-ADR
	and	&	O
	tingling	V	B-ADR
	in	P	O
	my	D	O
	fingertips.	N	O
	0	0	O
Sentence: 274	@URL	@	O
	i	O	O
	know.	V	O
	i	O	O
	just	R	O
	realised	V	O
	with	P	O
	everything	N	O
	else	R	O
	-	,	O
	i	O	O
	haven't	V	O
	taken	V	O
	the	D	O
	sodding	A	O
	quetiapine	N	O
	yet!!	R	O
	wondered	V	O
	why	R	O
	i	O	O
	wasn't	V	O
	drowsy	A	B-ADR
	doh!	!	O
	0	0	O
Sentence: 275	feeling	V	O
	a	D	O
	little	A	O
	dizzy	A	B-ADR
	from	P	O
	the	D	O
	quetiapine	N	O
	i	O	O
	just	R	O
	popped!	V	O
	0	0	O
Sentence: 276	@URL	@	O
	please	V	O
	tell	V	O
	me	O	O
	that	P	O
	wasn't	V	O
	quetiapine!	V	O
	that	D	O
	stuff	N	O
	is	V	O
	sooo	R	O
	sedating...	G	B-ADR
	0	0	O
Sentence: 277	@URL	@	O
	not	R	O
	eating	V	O
	that	D	O
	badly	A	O
	but	&	O
	portions	N	B-ADR
	prob	R	I-ADR
	too	R	I-ADR
	big.	A	I-ADR
	quetiapine	N	O
	a	D	O
	factor.	N	O
	think	V	O
	i'd	L	O
	be	V	O
	ok	A	O
	with	P	O
	gentle	A	O
	exercise	N	O
	but	&	O
	not	R	O
	vigorous	A	O
	0	0	O
Sentence: 278	erm	!	O
	my	D	O
	pdoc	N	O
	wants	V	O
	me	O	O
	to	P	O
	go	V	O
	back	R	O
	on	P	O
	quetiapine.	^	O
	pointed	V	O
	out	T	O
	it	O	O
	had	V	O
	caused	V	O
	a	D	O
	heart	N	B-ADR
	arrhythmia	P	I-ADR
	last	A	O
	time.	N	O
	going	V	O
	back	R	O
	to	P	O
	gp	N	O
	to	P	O
	look	V	O
	at	P	O
	my	D	O
	ecg	N	O
	0	0	O
Sentence: 279	having	V	O
	a	D	O
	serious	A	O
	quetiapine	A	O
	haze	N	B-ADR
	this	D	O
	morning...	N	O
	0	0	O
Sentence: 280	rt	~	O
	@URL:	N	O
	comparison	N	O
	of	P	O
	4	$	O
	antipsychotics	N	O
	in	P	O
	patients	N	O
	over	P	O
	40	$	O
	with	P	O
	psychiatric	A	O
	disorders.	N	O
	quetiapine	V	O
	least	A	O
	safe	A	O
	http://t.co/5roujwr3bà	U	O
	0	0	O
Sentence: 281	@URL	@	O
	yes	!	O
	totally.	R	O
	psych	^	O
	prescribed	V	O
	me	O	O
	quetiapine	R	O
	to	P	O
	help	V	O
	#bpdchat	#	B-ADR
	0	0	O
Sentence: 282	hello,	!	O
	world!	N	O
	quetiapine	V	O
	zombie	V	B-ADR
	this	D	O
	morning	N	O
	and	&	O
	i	O	O
	have	V	O
	a	D	O
	work	N	O
	call	N	O
	in	P	O
	about	P	O
	45	$	O
	minutes.	N	O
	perfect	A	O
	combination.	N	O
	0	0	O
Sentence: 283	whoah	!	O
	so	P	O
	dizzing.	R	B-ADR
	damn	A	O
	tamazapam	N	O
	-	,	O
	shld	V	O
	probably	R	O
	wap	V	O
	back	R	O
	to	P	O
	quetiapine	V	O
	if	P	O
	this	O	O
	keeps	V	O
	up!	T	O
	but	&	O
	it	O	O
	makes	V	O
	me	O	O
	feel	V	B-ADR
	so	R	I-ADR
	ick!	!	I-ADR
	0	0	O
Sentence: 284	#quetiapine	^	O
	is	V	O
	not	R	O
	doing	V	O
	me	O	O
	any	D	O
	favors	V	O
	#ifeelsick	#	B-ADR
	0	0	O
Sentence: 285	@URL	@	O
	am	V	O
	on	P	O
	300mg	^	O
	quetiapine.	^	O
	mainly	R	O
	tiredness	N	B-ADR
	it	O	O
	causes	V	O
	with	P	O
	me.	O	O
	0	0	O
Sentence: 286	@URL	@	O
	...face.	N	O
	and	&	O
	quetiapine	R	O
	slightly	R	O
	increases	V	O
	sun	^	B-ADR
	sensitivity	N	I-ADR
	too.	R	O
	0	0	O
Sentence: 287	i	O	O
	hate	V	O
	my	D	O
	new	A	O
	medication.	N	O
	it	O	O
	makes	V	O
	me	O	O
	feel	V	O
	hungry	A	B-ADR
	:-(	E	O
	#quetiapine	#	O
	0	0	O
Sentence: 288	01.10	$	O
	day	N	O
	13	$	O
	rivaroxaban	^	O
	diary.	N	O
	headache	N	B-ADR
	over	P	O
	right	A	O
	side	N	O
	of	P	O
	head;	N	O
	lower	A	O
	back	N	B-ADR
	pain.	N	I-ADR
	wrote	V	O
	letter	N	O
	to	P	O
	my	D	O
	gp	N	O
	&	&	O
	his	D	O
	colleague	N	O
	outlining	V	O
	problems	N	O
	0	0	O
Sentence: 289	03.25	$	O
	day	N	O
	13	$	O
	rivaroxaban	^	O
	diary.	N	O
	neck	N	B-ADR
	ache	V	I-ADR
	and	&	O
	right	A	O
	shoulder	N	O
	ache.	V	O
	lower	A	O
	back	N	B-ADR
	pain.	N	I-ADR
	0	0	O
Sentence: 290	20.12	$	O
	day	N	O
	15	$	O
	rivaroxaban	^	O
	diary.	N	O
	haven't	V	O
	yet	R	O
	taken	V	O
	today's	S	O
	tablet.	N	O
	will	V	O
	when	R	O
	i	O	O
	eat.	V	O
	still	R	O
	intense	A	O
	lower	A	O
	back	N	B-ADR
	pain	N	I-ADR
	from	P	O
	yesterday's	S	O
	tablet.	N	O
	0	0	O
Sentence: 291	05.00	$	O
	day	N	O
	17	$	O
	rivaroxaban	^	O
	diary.	N	O
	woken	V	O
	up	T	O
	by	P	O
	pain	N	B-ADR
	in	P	I-ADR
	neck,	N	I-ADR
	hips	N	I-ADR
	and	&	O
	legs.	N	O
	0	0	O
Sentence: 292	14.11	$	O
	day	N	O
	17	$	O
	rivaroxaban	^	O
	diary.	N	O
	still	R	O
	waiting	V	O
	for	P	O
	doctor	N	O
	to	P	O
	phone	V	O
	me	O	O
	""around	R	O
	lunchtime"".	N	O
	taken	V	O
	more	A	O
	paracetamol	N	O
	to	P	O
	dull	A	O
	the	D	O
	aches.	N	B-ADR
	0	0	O
Sentence: 293	21.19	$	O
	day	N	O
	17	$	O
	rivaroxaban	^	O
	diary.	N	O
	aches	V	B-ADR
	are	V	O
	related	A	O
	to	P	O
	pressure	N	O
	on	P	O
	my	D	O
	body,	N	O
	e.g.	V	O
	if	P	O
	sitting	V	O
	then	R	O
	in	P	O
	back,	A	O
	buttoocks	N	O
	and	&	O
	legs	N	O
	1/2	$	O
	0	0	O
Sentence: 294	sabril	^	O
	was	V	O
	found	V	O
	to	P	O
	cause	V	O
	blindness	N	O
	a	D	O
	few	A	O
	years	N	O
	ago	P	O
	#panorama	#	O
	0	0	O
Sentence: 295	seroquel	^	O
	gives	V	O
	me	O	O
	nightmares	N	B-ADR
	every	D	O
	fucking	A	O
	night	N	O
	but	&	O
	i	O	O
	take	V	O
	it	O	O
	anyway	R	O
	0	0	O
Sentence: 296	i	O	O
	don't	V	O
	like	V	O
	taking	V	O
	seroquel	N	O
	at	P	O
	night.	N	O
	makes	V	O
	me	O	O
	crabby	A	B-ADR
	the	D	O
	whole	A	O
	time	N	O
	the	D	O
	following	N	O
	day.	N	O
	something	N	O
	about	P	O
	feeling	V	O
	sluggish	A	B-ADR
	and	&	I-ADR
	groggy.	A	I-ADR
	aargh.	!	O
	0	0	O
Sentence: 297	so,	R	O
	i	O	O
	lasted	V	O
	16	$	O
	days	N	O
	on	P	O
	seroquel.	^	O
	i	O	O
	couldn't	V	O
	handle	V	O
	the	D	O
	awful	A	O
	side	N	O
	effects.	N	O
	constantly	R	O
	dizzy	A	B-ADR
	and	&	O
	lightheadeded	^	B-ADR
	&	&	O
	a	D	O
	myriad	N	O
	of	P	O
	other	A	O
	bad	A	O
	stuff	N	O
	0	0	O
Sentence: 298	well	!	O
	i	O	O
	didn't	V	O
	gain	V	B-ADR
	18	$	I-ADR
	kg	N	I-ADR
	in	P	O
	24	$	O
	hrs.	N	O
	seroquel	N	O
	gained	V	O
	it	O	O
	for	P	O
	me	O	O
	over	P	O
	8	$	O
	months.	N	O
	ffffffffffuuuuuuu	G	O
	0	0	O
Sentence: 299	@URL	@	O
	i	O	O
	take	V	O
	way	N	O
	too	R	O
	much	A	O
	zoloft	N	O
	and	&	O
	seroquel	^	O
	to	P	O
	get	V	B-ADR
	the	D	I-ADR
	horn	N	I-ADR
	my	D	I-ADR
	life	N	I-ADR
	is	V	O
	a	D	O
	lie	N	O
	0	0	O
Sentence: 300	@URL	@	O
	ooh.	!	O
	i	O	O
	was	V	O
	on	P	O
	seroquel.	^	O
	and	&	O
	withdrawal	N	B-ADR
	is	V	O
	a	D	O
	bitch.	N	O
	i'm	L	O
	not	R	O
	even	R	O
	fully	R	O
	off	P	O
	it	O	O
	yet	R	O
	either.	R	O
	0	0	O
Sentence: 301	popped	V	O
	a	D	O
	seroquel	N	O
	now	R	O
	i'm	L	O
	sleepy	A	B-ADR
	0	0	O
Sentence: 302	have	V	O
	been	V	O
	in	P	O
	a	D	O
	lot	N	O
	of	P	O
	pain	N	B-ADR
	all	D	O
	day	N	O
	though	P	O
	and	&	O
	i	O	O
	feel	V	O
	and	&	O
	look	V	O
	like	P	O
	a	D	O
	zombie.	N	B-ADR
	seroquel	N	O
	is	V	O
	quite	R	O
	an	D	O
	annoying	A	O
	medication,	N	O
	ugh.	!	O
	-.-	E	O
	0	0	O
Sentence: 303	*guy	N	O
	walks	V	O
	out	P	O
	of	P	O
	pharmacy	N	O
	with	P	O
	drug	N	O
	bag*	N	O
	me:	O	O
	""what	D	O
	drug	N	O
	do	V	O
	you	O	O
	think	V	O
	he's	L	O
	on	P	O
	mom??""	N	O
	mom:	N	O
	""well	!	O
	he's	L	O
	talking	V	O
	to	P	O
	himself.""	O	O
	me:	O	O
	""seroquel	^	O
	xr""	^	O
	0	0	O
Sentence: 304	just	R	O
	took	V	O
	seroquel.	^	O
	now	R	O
	i'm	L	O
	freaking	V	O
	out	T	O
	that	O	O
	i	O	O
	will	V	O
	end	V	O
	up	T	O
	sleeping	V	B-ADR
	15	$	I-ADR
	hrs	N	I-ADR
	and	&	O
	miss	V	O
	my	D	O
	12pm	$	O
	appt	N	O
	tomorrow	N	O
	0	0	O
Sentence: 305	time	N	O
	to	P	O
	let	V	O
	this	O	O
	seroquel	^	O
	take	V	O
	me	O	O
	into	P	O
	some	D	O
	weird	A	O
	dimension	N	O
	and	&	O
	see	V	O
	crazy	A	B-ADR
	shit	N	I-ADR
	in	P	I-ADR
	my	D	I-ADR
	dreams.	N	I-ADR
	i	O	O
	was	V	O
	getting	V	O
	shot	N	O
	at	P	O
	by	P	O
	gangstas	N	O
	last	A	O
	night	N	O
	0	0	O
Sentence: 306	i'm	L	O
	tired	A	B-ADR
	of	P	O
	being	V	O
	tired,	A	O
	deffinatly	R	O
	#nap	N	B-ADR
	time	N	I-ADR
	for	P	O
	this	D	O
	girl.	N	O
	stupid	A	O
	#medications	N	O
	#paxil	#	O
	#trazodone	#	O
	#seroquel	#	O
	0	0	O
Sentence: 307	oh	!	O
	hello	!	O
	seroquel	^	O
	old	A	O
	friend	N	O
	i	O	O
	mi*passes	V	B-ADR
	out	T	I-ADR
	on	P	O
	bed*	N	O
	0	0	O
Sentence: 308	@URL	@	O
	interesting!	A	O
	my	D	O
	experience	N	O
	with	P	O
	patients	N	O
	taking	V	O
	seroquel	^	O
	is	V	O
	massive	A	O
	weight	N	B-ADR
	gain.	V	I-ADR
	0	0	O
Sentence: 309	tell	V	O
	you	O	O
	okes	N	O
	what:	O	O
	when	R	O
	your	D	O
	dr.	N	O
	says	V	O
	only	R	O
	take	V	O
	seroquel	N	O
	at	P	O
	night,	N	O
	only	R	O
	take	V	O
	it	O	O
	at	P	O
	night.	N	O
	zombiness	N	B-ADR
	galore.	N	O
	0	0	O
Sentence: 310	rt	~	O
	@URL:	N	O
	@URL	@	O
	#confessionsofaratchet	#	O
	gave	V	O
	everyone	N	O
	at	P	O
	some	D	O
	out	P	O
	of	P	O
	town	N	O
	party	N	O
	seroquel	N	O
	and	&	O
	waited	V	O
	till	P	O
	they	O	O
	passed	V	O
	out	T	O
	theà	D	O
	0	0	O
Sentence: 311	oh,	!	O
	what	O	O
	a	D	O
	great	A	O
	idea	N	O
	watching	V	O
	gordan	^	O
	ramsay	^	O
	cook	V	O
	at	P	O
	4am	$	O
	when	R	O
	i'm	L	O
	hungry	A	B-ADR
	from	P	O
	my	D	O
	seroquel.	N	O
	0	0	O
Sentence: 312	i	O	O
	love	V	O
	getting	V	O
	drugged	V	O
	up	T	O
	in	P	O
	the	D	O
	institutions	N	O
	though.	P	O
	they'd	L	O
	give	V	O
	me	O	O
	my	D	O
	prescribed	A	O
	200mg	N	O
	of	P	O
	seroquel	^	O
	and	&	O
	2	$	O
	capsules	N	O
	of	P	O
	benadryl.	^	O
	fuck	N	O
	yeah.	!	O
	0	0	O
Sentence: 313	@URL	@	O
	i	O	O
	had	V	O
	to	P	O
	taper	V	O
	myself	O	O
	down.	R	O
	i	O	O
	think	V	O
	the	D	O
	seroquel	^	O
	gave	V	O
	me	O	O
	lasting	V	O
	sleep	N	B-ADR
	paralysis.	N	I-ADR
	i've	L	O
	had	V	O
	it	O	O
	ever	R	O
	since.	P	O
	0	0	O
Sentence: 314	i	O	O
	think	V	O
	i	O	O
	like	V	O
	this	O	O
	seroquel	^	O
	stuff.	N	O
	pity	N	O
	i	O	O
	have	V	O
	to	P	O
	think.	V	O
	0	0	O
Sentence: 315	the	D	O
	one	$	O
	time	N	O
	i'm	L	O
	glad	A	O
	for	P	O
	seroquel	^	O
	memory	N	B-ADR
	loss	N	I-ADR
	0	0	O
Sentence: 316	@URL	@	O
	meds	N	O
	work	N	O
	differently	R	O
	for	P	O
	each	D	O
	person.	N	O
	i	O	O
	know	V	O
	seroquel	^	O
	xr	^	O
	was	V	O
	hell	N	O
	for	P	O
	me	O	O
	&	&	O
	i	O	O
	gained	V	B-ADR
	weight	N	I-ADR
	but	&	O
	can	V	O
	be	V	O
	heaven	^	O
	for	P	O
	another	D	O
	0	0	O
Sentence: 317	@URL	@	O
	enjoy	V	O
	:)	E	O
	haha.	!	O
	i	O	O
	take	V	O
	it	O	O
	+	&	O
	seroquel	^	O
	+	&	O
	klonopin	V	O
	every	D	O
	night	N	O
	for	P	O
	sleep.	V	O
	it	O	O
	can	V	O
	make	V	O
	me	O	O
	very	R	O
	loopy	A	B-ADR
	sometimes!	R	O
	0	0	O
Sentence: 318	this	D	O
	seroquel-dry-mouth	A	B-ADR
	thing	N	O
	is	V	O
	getting	V	O
	weird	A	O
	0	0	O
Sentence: 319	i've	L	O
	been	V	O
	really	R	O
	forgetting	V	O
	to	P	O
	take	V	O
	my	D	O
	paxil	N	O
	lately	R	O
	but	&	O
	if	P	O
	i	O	O
	take	V	O
	it	O	O
	with	P	O
	a	D	O
	my	D	O
	seroquel	N	O
	it	O	O
	makes	V	O
	my	D	O
	sinuses	N	B-ADR
	close	V	I-ADR
	up	T	I-ADR
	:(	E	O
	0	0	O
Sentence: 320	@URL	@	O
	natural	A	O
	don't	V	O
	work	V	O
	for	P	O
	me,	O	O
	try	V	O
	300mg	N	O
	of	P	O
	seroquel...you'll	^	O
	sleep	N	O
	for	P	O
	days,	N	O
	i	O	O
	have	V	O
	insomnia	^	B-ADR
	that's	L	O
	what	O	O
	they	O	O
	give	V	O
	me	O	O
	lol	!	O
	0	0	O
Sentence: 321	nb:	G	O
	not	R	O
	psychotic	A	O
	;)	E	O
	seroquel	^	O
	used	V	O
	off-label	T	O
	for	P	O
	ptsd.	N	B-ADR
	ctlÆd	N	O
	many	A	O
	sympts,	N	O
	helped	V	O
	sleep.	N	O
	but	&	O
	side	N	O
	fx	N	O
	-	,	O
	weight	N	O
	gain	V	O
	-	,	O
	caused	V	O
	terrible	A	O
	pain.	N	B-ADR
	0	0	O
Sentence: 322	@URL	@	O
	@URL	@	O
	u	O	O
	took	V	O
	a	D	O
	lot	N	O
	of	P	O
	seroquel	^	O
	sweetie.	N	O
	im	L	O
	sure	A	O
	that's	L	O
	what	O	O
	the	D	O
	doctors	N	O
	told	V	O
	you	O	O
	too.u	R	O
	were	V	O
	on	P	O
	a	D	O
	ventilator	N	O
	in	P	O
	hospital.	N	O
	0	0	O
Sentence: 323	@URL	@	O
	i	O	O
	was	V	O
	taking	V	O
	seroquel	N	O
	off	P	O
	label,	N	O
	bad	A	O
	side	N	O
	effects,	N	O
	stopped	V	O
	taking	V	O
	it.	O	O
	0	0	O
Sentence: 324	@URL	@	O
	they	O	O
	increased	V	O
	my	D	O
	celexa.	N	O
	took	V	O
	me	O	O
	off	T	O
	seroquel	^	O
	because	P	O
	it	O	O
	was	V	O
	screwing	V	B-ADR
	with	P	I-ADR
	my	D	I-ADR
	memory.	N	I-ADR
	i	O	O
	go	V	O
	back	R	O
	in	P	O
	two	$	O
	weeks	N	O
	to	P	O
	see	V	O
	how	R	O
	its	L	O
	goin	V	O
	0	0	O
Sentence: 325	rt	~	O
	@URL:	V	O
	my	D	O
	life	N	O
	can	V	O
	be	V	O
	divided	V	O
	into	P	O
	pre-seroquel	N	O
	and	&	O
	post-seroquel	N	O
	epochs	N	O
	0	0	O
Sentence: 326	i	O	O
	had	V	O
	quit	V	O
	that	D	O
	psycho	A	O
	#bigpharma	#	O
	pill	N	O
	cold	A	O
	turkey.	N	O
	seroquel	N	O
	-	,	O
	but	&	O
	things	N	O
	are	V	O
	so	R	O
	fucking	R	O
	rough	A	O
	right	R	O
	now	R	O
	0	0	O
Sentence: 327	lucidity	N	B-ADR
	rn	N	O
	is	V	O
	probably	R	O
	some	D	O
	med's	S	O
	fault...with	N	O
	my	D	O
	luck	N	O
	probably	R	O
	klonopin	V	O
	and	&	O
	not	R	O
	seroquel	^	O
	0	0	O
Sentence: 328	@URL	@	O
	partly	R	O
	true	A	O
	but	&	O
	olanzapine	O	B-ADR
	is	V	O
	the	D	O
	worst	A	O
	ever	R	O
	for	P	O
	inducing	V	O
	carb	N	B-ADR
	cravings	N	I-ADR
	for	P	O
	some	D	O
	unfortunate	A	O
	ppl	N	O
	serequel	N	O
	and	&	O
	clozaril	V	O
	a	D	O
	2nd	$	O
	0	0	O
Sentence: 329	going	V	O
	back	R	O
	to	P	O
	bed	N	O
	for	P	O
	a	D	O
	nap.	N	O
	seroquel	^	O
	has	V	O
	turned	V	O
	me	O	O
	into	P	O
	a	D	O
	zombie	N	B-ADR
	again	R	O
	today.	N	O
	0	0	O
Sentence: 330	i	O	O
	stopped	V	O
	taking	V	O
	my	D	O
	seroquel	N	O
	because	P	O
	i	O	O
	hate	V	O
	it.	O	O
	i	O	O
	can	V	O
	barely	R	B-ADR
	function	V	I-ADR
	on	P	O
	it,	O	O
	hopefully	R	O
	my	D	O
	cpn	N	O
	&	&	O
	psychiatrist	N	O
	can	V	O
	advise	V	O
	a	D	O
	'nicer'	A	O
	med.	N	O
	0	0	O
Sentence: 331	@URL	@	O
	-nods-	!	O
	my	D	O
	zombie-ness	N	B-ADR
	when	R	O
	i	O	O
	first	A	O
	wake	V	O
	up	T	O
	in	P	O
	the	D	O
	morning	N	O
	is	V	O
	mostly	R	O
	from	P	O
	my	D	O
	nightly	A	O
	meds	N	O
	too	R	O
	(seroquel).	^	O
	0	0	O
Sentence: 332	really	R	O
	bad	A	O
	rls	N	B-ADR
	fron	P	O
	seroquel	^	O
	:(	E	O
	0	0	O
Sentence: 333	it	O	O
	was	V	O
	6th	A	O
	period	N	O
	when	R	O
	i	O	O
	was	V	O
	still	R	O
	fucked	V	B-ADR
	up	T	I-ADR
	off	P	O
	them	O	O
	vicodins	N	O
	&	&	O
	seroquel.	^	O
	i	O	O
	remember	V	O
	it	O	O
	was	V	O
	lunch	N	O
	&	&	O
	i	O	O
	left	V	O
	because	P	O
	something	N	O
	pissed	V	O
	me	O	O
	off.	T	O
	0	0	O
Sentence: 334	@URL	@	O
	but	&	O
	i	O	O
	switched	V	O
	to	P	O
	trazodone	V	O
	...	,	O
	i	O	O
	was	V	O
	doing	V	O
	some	D	O
	crazy	A	B-ADR
	ish	N	I-ADR
	on	P	O
	ambien	^	B-ADR
	smh	G	O
	not	R	O
	good	A	O
	lol	!	O
	0	0	O
Sentence: 335	waiting	V	O
	on	P	O
	the	D	O
	trazodone	N	O
	to	P	O
	kick	V	O
	in.	P	O
	going	V	O
	shopping	V	O
	with	P	O
	amanda	^	O
	kaye	^	O
	&	&	O
	the	D	O
	fam	N	O
	tomorrow!	N	O
	xd	E	O
	0	0	O
Sentence: 336	@URL	@	O
	trazodone	^	O
	made	V	O
	me	O	O
	extremely	R	O
	angry	A	B-ADR
	and	&	O
	i	O	O
	was	V	O
	wide	A	O
	awake	A	B-ADR
	all	X	O
	the	D	O
	time	N	O
	0	0	O
Sentence: 337	okay	!	O
	trazodone,	^	O
	work	V	O
	your	D	O
	magic.	N	O
	0	0	O
Sentence: 338	co-codemol	^	O
	and	&	O
	trazodone	N	O
	have	V	O
	taken	V	B-ADR
	control	N	I-ADR
	of	P	I-ADR
	my	D	I-ADR
	eyes,	N	I-ADR
	so	P	O
	i	O	O
	better	R	O
	go	V	O
	to	P	O
	bed,	N	O
	before	P	O
	they	O	O
	switch	V	O
	off	T	O
	my	D	O
	legs	N	O
	too,	R	O
	g'nite	V	O
	all,	D	O
	stay	N	O
	safe	A	O
	0	0	O
Sentence: 339	the	D	O
	100mg	N	O
	tabs	N	O
	of	P	O
	trazodone	^	O
	my	D	O
	gp	N	O
	prescribed	V	O
	are	V	O
	too	R	O
	much,	R	O
	now	R	O
	that	O	O
	i	O	O
	don't	V	O
	take	V	O
	them	O	O
	every	D	O
	night.	N	O
	still	R	O
	zombieish	R	B-ADR
	after	P	O
	an	D	O
	hour	N	O
	awake.	A	O
	0	0	O
Sentence: 340	@URL	@	O
	i	O	O
	take	V	O
	trazodone	N	O
	for	P	O
	my	D	O
	#insomina	N	B-ADR
	&	&	O
	still	R	O
	have	V	O
	a	D	O
	hard	A	O
	time	N	O
	falling	V	O
	asleep	R	O
	or	&	O
	i	O	O
	end	V	O
	up	T	O
	having	V	O
	crazy	A	B-ADR
	dreams	N	I-ADR
	that	P	O
	wake	V	O
	me	O	O
	up!?!	T	O
	0	0	O
Sentence: 341	its	L	O
	your	D	O
	third	A	O
	visit	N	O
	in	P	O
	2	$	O
	weeks	N	O
	for	P	O
	priapism	^	B-ADR
	and	&	O
	you're	L	O
	still	R	O
	taking	V	O
	trazodone	N	O
	@URL	@	O
	0	0	O
Sentence: 342	tomorrow,	N	O
	sending	V	O
	mummers	N	O
	her	D	O
	mother's	S	O
	day	N	O
	postcard	N	O
	and	&	O
	finally	R	O
	picking	V	O
	up	T	O
	my	D	O
	trazodone.	N	O
	0	0	O
Sentence: 343	@URL	@	O
	@URL	@	O
	i	O	O
	have	V	O
	a	D	O
	low	A	O
	dose	N	O
	of	P	O
	trazodone	N	O
	to	P	O
	help	V	O
	me	O	O
	sleep	V	B-ADR
	otherwise	R	O
	i	O	O
	wouldn't	V	O
	especially	R	O
	when	R	O
	#happymental	#	O
	0	0	O
Sentence: 344	@URL	@	O
	i	O	O
	used	V	O
	to	P	O
	take	V	O
	trazodone.	N	O
	made	V	O
	me	O	O
	sleep	V	B-ADR
	for	P	I-ADR
	dayyssss	N	I-ADR
	0	0	O
Sentence: 345	@URL	@	O
	i	O	O
	was	V	O
	given	V	O
	like	P	O
	5mg	N	O
	of	P	O
	abilify	^	O
	and	&	O
	i	O	O
	still	R	O
	do	V	O
	not	R	O
	recall	V	O
	the	D	O
	dosage	N	O
	of	P	O
	trazodone.	^	O
	0	0	O
Sentence: 346	@URL	@	O
	things	N	O
	like	P	O
	mirtazipine&trazodone	^	O
	weight	N	B-ADR
	gain	V	I-ADR
	isn't	V	O
	too	R	O
	hard	A	O
	to	P	O
	mitigate.things	V	O
	like	P	O
	valproate	R	O
	substantially	R	O
	more	A	O
	of	P	O
	an	D	O
	issue	N	O
	0	0	O
Sentence: 347	fuck	V	O
	you	O	O
	trazodone.	V	O
	i	O	O
	didn't	V	O
	want	V	O
	or	&	O
	need	V	O
	to	P	O
	sleep	V	B-ADR
	for	P	I-ADR
	11	$	I-ADR
	hours.	N	I-ADR
	0	0	O
Sentence: 348	@URL	@	O
	trazodone	^	O
	but	&	O
	you	O	O
	might	V	O
	have	V	O
	troubles	N	B-ADR
	waking	V	I-ADR
	up	T	I-ADR
	in	P	O
	the	D	O
	morning.	N	O
	1/2	$	O
	tablet	N	O
	is	V	O
	enough	R	O
	for	P	O
	a	D	O
	night	N	O
	i	O	O
	could	V	O
	give	V	O
	you	O	O
	10	$	O
	for	P	O
	10$?	$	O
	0	0	O
Sentence: 349	i'm	L	O
	so	R	O
	allergic	A	B-ADR
	to	P	O
	trazodone	V	O
	but	&	O
	i	O	O
	haven't	V	O
	been	V	O
	taking	V	O
	it	O	O
	so	P	O
	no	D	O
	one	N	O
	believes	V	O
	me	O	O
	:::---))))	G	O
	0	0	O
Sentence: 350	@URL	@	O
	banana?	N	O
	hot	A	O
	milk?	N	O
	and	&	O
	randomly	R	O
	lettuce!	N	O
	all	D	O
	contain	V	O
	sleepy	A	O
	bye	!	O
	chems.	N	O
	all	D	O
	i	O	O
	have	V	O
	is	V	O
	trazodone	V	O
	which	D	O
	means	V	O
	dopey	A	B-ADR
	all	D	O
	day	N	O
	tomo	N	O
	0	0	O
Sentence: 351	i	O	O
	took	V	O
	my	D	O
	trazodone	N	O
	like	P	O
	an	D	O
	hour	N	O
	ago	R	O
	and	&	O
	i	O	O
	can	V	O
	barely	R	B-ADR
	keep	V	I-ADR
	my	D	I-ADR
	eyes	N	I-ADR
	open	V	I-ADR
	and	&	O
	i	O	O
	need	V	O
	to	P	O
	finish	V	O
	homeworrrkkk	N	O
	0	0	O
Sentence: 352	stand	V	O
	down,	T	O
	tweeps!	N	O
	stand	V	O
	down!	T	O
	i	O	O
	did	V	O
	it	O	O
	wrong	A	O
	(thanks	N	O
	to	P	O
	@URL	@	O
	for	P	O
	catching	V	O
	it)	O	O
	-	,	O
	doc	N	O
	gave	V	O
	me	O	O
	trazodone,	R	O
	not	R	O
	tramodol.	G	O
	0	0	O
Sentence: 353	@URL	@	O
	@URL	@	O
	i	O	O
	haaaated	V	O
	trazodone.	^	O
	don't	V	O
	be	V	O
	afraid	A	O
	to	P	O
	ask	V	O
	doc	N	O
	for	P	O
	something	N	O
	else	R	O
	if	P	O
	side	N	O
	effects	N	O
	continue.	V	O
	gave	V	O
	me	O	O
	migraines.	N	B-ADR
	0	0	O
Sentence: 354	have	V	O
	taken	V	O
	the	D	O
	trazodone	N	O
	dose	N	O
	back	R	O
	down.	R	O
	simply	R	O
	cannot	V	O
	put	V	O
	up	T	O
	with	P	O
	feeling	V	O
	tired	A	B-ADR
	all	D	O
	day!	N	O
	0	0	O
Sentence: 355	@URL	@	O
	for	P	O
	sure.	A	O
	i'd	L	O
	get	V	O
	no	D	O
	sleep	N	B-ADR
	at	P	O
	all	D	O
	if	P	O
	it	O	O
	wasn't	V	O
	for	P	O
	#trazodone.	#	O
	:)	E	O
	0	0	O
Sentence: 356	does	V	O
	trazodone	N	O
	actually	R	O
	make	V	O
	people	N	O
	feel	V	O
	like	P	O
	high	A	O
	omfg	!	O
	it	O	O
	makes	V	O
	me	O	O
	sleepy	A	B-ADR
	0	0	O
Sentence: 357	eat	V	O
	my	D	O
	trazodone	N	O
	then	R	O
	go	V	O
	to	P	O
	bed,	N	O
	wake	V	O
	up	T	O
	in	P	O
	the	D	O
	morning	N	O
	with	P	O
	holes	N	B-ADR
	in	P	I-ADR
	my	D	I-ADR
	head	N	I-ADR
	0	0	O
Sentence: 358	my	D	O
	trazodone	N	O
	be	V	O
	having	V	O
	me	O	O
	dream	V	B-ADR
	all	D	I-ADR
	types	N	I-ADR
	of	P	I-ADR
	crazy.	A	I-ADR
	0	0	O
Sentence: 359	great..	A	O
	i	O	O
	have	V	O
	hives	N	B-ADR
	up	T	O
	and	&	O
	down	P	O
	my	D	O
	legs	N	O
	from	P	O
	this	D	O
	gosh	!	O
	dang	!	O
	trazodone?	^	O
	0	0	O
Sentence: 360	@URL:	N	O
	i'm	L	O
	lowkey	A	O
	pill	N	O
	junkie.	N	O
	&gt;.&lt;	N	O
	vivance,	N	O
	xanax,	N	O
	hydro's	N	O
	and	&	O
	trazodone	N	O
	are	V	O
	my	D	O
	faves	N	O
	0	0	O
Sentence: 361	@URL	@	O
	i've	L	O
	heard	V	O
	of	P	O
	the	D	O
	topamax.	^	O
	right	R	O
	now	R	O
	i'm	L	O
	on	P	O
	40	$	O
	mg	N	O
	of	P	O
	prozac	^	O
	,	,	O
	100	$	O
	mg	N	O
	of	P	O
	trazadone	N	O
	and	&	O
	75mg	N	O
	of	P	O
	hydroxizine	^	O
	or	&	O
	however	R	O
	you	O	O
	spell	V	O
	0	0	O
Sentence: 362	taking	V	O
	trazodone	N	O
	and	&	O
	literally	R	O
	passing	V	B-ADR
	out	T	I-ADR
	on	P	O
	the	D	O
	bathroom	N	O
	floor	N	O
	yeah	!	O
	that	D	O
	shit	N	O
	happens	V	O
	0	0	O
Sentence: 363	trazodone	^	O
	hangover	N	B-ADR
	and	&	O
	dry	A	B-ADR
	eyes	N	I-ADR
	0	0	O
Sentence: 364	@URL	@	O
	i	O	O
	was	V	O
	on	P	O
	tysabri	^	O
	for	P	O
	50	$	O
	months.	N	O
	i'm	L	O
	in	P	O
	the	D	O
	process	N	O
	of	P	O
	going	V	O
	to	P	O
	tecfedera.	V	O
	it	O	O
	is	V	O
	similar,	A	O
	i	O	O
	needed	V	O
	to	P	O
	get	V	O
	off	T	O
	because	P	O
	of	P	O
	veins	N	B-ADR
	0	0	O
Sentence: 365	@URL	@	O
	no	D	O
	joke!	N	O
	#tysabri	#	O
	worked	V	O
	like	P	O
	a	D	O
	charm	N	O
	for	P	O
	me,	O	O
	til	P	O
	my	D	O
	immune	A	B-ADR
	system	N	I-ADR
	went	V	I-ADR
	poof.	V	I-ADR
	hopeful	A	O
	about	P	O
	#tecfidera	#	O
	:)	E	O
	0	0	O
Sentence: 366	@URL	@	O
	i	O	O
	think	V	O
	patients	N	O
	who	O	O
	take	V	O
	tysabri	N	O
	generally	R	O
	want	V	O
	to	P	O
	know	V	O
	if	P	O
	they	O	O
	could	V	O
	be	V	O
	at	P	O
	risk	N	O
	for	P	O
	pml.	^	O
	0	0	O
Sentence: 367	@URL	@	O
	@URL	@	O
	haha!	!	O
	crazy.	A	O
	stelara	N	O
	is	V	O
	almost	R	O
	done	V	O
	in	P	O
	trials.	N	O
	and	&	O
	there's	L	O
	a	D	O
	next	A	O
	generation	N	O
	tysabri	N	O
	just	R	O
	for	P	O
	ibd	^	O
	that's	L	O
	new.	A	O
	0	0	O
Sentence: 368	#tysabri	#	O
	day	N	O
	today!!!all	N	O
	good	A	O
	cause	N	O
	of	P	O
	the	D	O
	beautiful	A	O
	person	N	O
	i	O	O
	share	V	O
	the	D	O
	day	N	O
	with!love	P	O
	u	O	O
	liz!!!	^	O
	0	0	O
Sentence: 369	rtô@URL:	N	O
	@URL	@	O
	i	O	O
	heard	V	O
	of	P	O
	tysabri.	^	O
	should	V	O
	work	V	O
	good	A	O
	on	P	O
	ms.	^	B-ADR
	but	&	O
	serious	A	O
	side	N	O
	effects	N	O
	as	P	O
	well	R	O
	:(ö	,	O
	that's	L	O
	why	R	O
	i'm	L	O
	terrified!	A	O
	0	0	O
Sentence: 370	i'm	L	O
	infusion	N	O
	tysabri.	V	O
	my	D	O
	monthly	A	O
	fillup!!	N	O
	0	0	O
Sentence: 371	another	D	O
	light	N	B-ADR
	nights	N	I-ADR
	sleep	N	I-ADR
	brought	V	O
	to	P	O
	me	O	O
	courtesy	N	O
	of	P	O
	#venlafaxine	^	O
	dammit.	!	O
	#day8	#	O
	0	0	O
Sentence: 372	it's	L	O
	not	R	O
	even	R	O
	11pm	$	O
	and	&	O
	i'm	L	O
	already	R	O
	feeling	V	O
	the	D	O
	venlafaxine	^	O
	withdrawal.	N	B-ADR
	stupid	A	O
	bitch.	N	O
	how	R	O
	hard	A	O
	is	V	O
	it	O	O
	to	P	O
	pack	V	O
	the	D	O
	bloody	A	O
	tablets?!	N	O
	0	0	O
Sentence: 373	ô@URL:	!	O
	@URL	@	O
	na	P	O
	g	G	O
	my	D	O
	5ht	N	O
	levels	N	O
	are	V	O
	good	A	O
	just	R	O
	need	V	O
	a	D	O
	dopamine	N	O
	rush	N	O
	gonna	V	O
	pop	V	O
	me	O	O
	a	D	O
	bupropion	N	O
	or	&	O
	a	D	O
	venlafaxine.	N	O
	want	V	O
	some	D	O
	yehö	N	O
	loool	!	O
	0	0	O
Sentence: 374	@URL	@	O
	i	O	O
	feel	V	O
	for	P	O
	you,	O	O
	i	O	O
	had	V	O
	the	D	O
	sane	A	O
	experience	N	O
	of	P	O
	disturbed	A	B-ADR
	sleep	N	I-ADR
	&	&	O
	bad	A	B-ADR
	dreams	N	I-ADR
	on	P	O
	venlafaxine	^	O
	xx	E	O
	0	0	O
Sentence: 375	@URL	@	O
	venlafaxine.	!	O
	it's	L	O
	basically	R	O
	a	D	O
	bureaucracy	N	O
	problem	N	O
	in	P	O
	this	D	O
	case,	N	O
	though;	P	O
	nothing	N	O
	to	P	O
	do	V	O
	with	P	O
	the	D	O
	scrip	N	O
	itself.	O	O
	0	0	O
Sentence: 376	@URL	@	O
	i	O	O
	had	V	O
	itchy	A	B-ADR
	skin	N	I-ADR
	at	P	O
	night	N	O
	on	P	O
	venlafaxine,	N	O
	i	O	O
	react	V	O
	badly	R	O
	to	P	O
	insect	V	O
	bites	V	O
	too.	R	O
	0	0	O
Sentence: 377	i	O	O
	feel	V	O
	siiiiiiiiiiiiiiick.	G	B-ADR
	damn	!	O
	you	O	O
	venlafaxine.	V	O
	0	0	O
Sentence: 378	@URL	@	O
	thing	N	O
	about	P	O
	venlafaxine	O	O
	is	V	O
	the	D	O
	withdrawals	N	B-ADR
	when	R	O
	you're	L	O
	late	A	O
	for	P	O
	a	D	O
	dose	N	O
	-	,	O
	it's	L	O
	like	P	O
	electric	N	B-ADR
	shocks	N	I-ADR
	in	P	I-ADR
	your	D	I-ADR
	brain,	N	I-ADR
	and	&	O
	they	O	O
	go	V	O
	-	,	O
	0	0	O
Sentence: 379	venlafaxine	^	O
	withdrawal	N	B-ADR
	is	V	O
	horrific	A	O
	0	0	O
Sentence: 380	rt	~	O
	@URL:	N	O
	venlafaxine	N	O
	more	R	O
	like	P	O
	lessvoicesinyourheadazine	^	B-ADR
	am	V	O
	i	O	O
	right	A	O
	guys?	N	O
	0	0	O
Sentence: 381	@URL	@	O
	i	O	O
	was	V	O
	on	P	O
	venlafaxine	^	O
	after	P	O
	the	D	O
	citalopram	^	O
	but	&	O
	it	O	O
	messed	V	B-ADR
	up	T	I-ADR
	my	D	I-ADR
	sleep	N	I-ADR
	:(	E	O
	0	0	O
Sentence: 382	@URL	@	O
	bloody	A	O
	zombie	N	O
	i	O	O
	also	R	O
	take	V	O
	venlafaxine	T	O
	thats	L	O
	for	P	O
	cronic	N	O
	depression	N	B-ADR
	bipolar	N	I-ADR
	is	V	O
	a	D	O
	difficult	A	O
	illness	N	O
	to	P	O
	deal	V	O
	with,	P	O
	both	O	O
	for	P	O
	the	D	O
	0	0	O
Sentence: 383	@URL	@	O
	bravo	^	O
	for	P	O
	dumping	V	O
	dean.	N	O
	you	O	O
	won	V	O
	a	D	O
	new	A	O
	fan	N	O
	in	P	O
	me.	O	O
	no	D	O
	one	N	O
	needs	V	O
	her	D	O
	food	N	O
	as	P	O
	we	O	O
	can't	V	O
	afford	V	O
	the	D	O
	victoza	N	O
	and	&	O
	she	O	O
	gets	V	O
	it	O	O
	free!	A	O
	0	0	O
Sentence: 384	rt	~	O
	@URL:	N	O
	victoza	N	O
	is	V	O
	insulin	N	O
	used	V	O
	by	P	O
	diabetics....	N	O
	you	O	O
	eat	V	O
	like	P	O
	paula	^	O
	you	O	O
	get	V	O
	diabetes	N	O
	like	P	O
	paula...	^	O
	0	0	O
Sentence: 385	rt	~	O
	@URL:	N	O
	dr	N	O
	john	^	O
	buse:	^	O
	most	R	O
	impressive	A	O
	at	P	O
	#2013ada	^	O
	victoza+degludec=	^	O
	-1.9%	$	O
	a1c	^	O
	reduction	N	O
	""insulin	N	O
	on	P	O
	steroids""	^	O
	bit	N	O
	of	P	O
	weight	N	O
	loss	N	O
	à	G	O
	0	0	O
Sentence: 386	rt	~	O
	@URL:	N	O
	#pauladeen	N	O
	may	V	O
	have	V	O
	been	V	O
	paid	V	O
	$6	$	O
	million	$	O
	for	P	O
	her	D	O
	endorsement	N	O
	of	P	O
	victoza.	^	O
	drug	N	O
	maker	N	O
	suspends	G	O
	deal	N	O
	with	P	O
	deen	^	O
	--http://t.co/à	G	O
	0	0	O
Sentence: 387	so	R	O
	i	O	O
	ran	V	O
	out	P	O
	of	P	O
	victoza	^	O
	before	P	O
	payday	N	O
	&	&	O
	restarted	V	O
	it	O	O
	yesterday.	R	O
	bleh:	!	O
	nausea.	N	B-ADR
	it	O	O
	did	V	O
	help	V	O
	me	O	O
	lose	V	O
	@URL	@	O
	10	$	O
	lbs.	N	O
	but	&	O
	i	O	O
	found	V	O
	3	$	O
	when	R	O
	i	O	O
	ran	V	O
	out.	T	O
	0	0	O
Sentence: 388	also	R	O
	my	D	O
	kidneys	N	B-ADR
	have	V	I-ADR
	been	V	I-ADR
	swollen	A	I-ADR
	ever	R	O
	since	P	O
	i've	L	O
	been	V	O
	on	P	O
	viibryd..	N	O
	but	&	O
	its	L	O
	also	R	O
	been	V	O
	super	R	O
	hot	A	O
	out..	P	O
	0	0	O
Sentence: 389	this	D	O
	night	N	O
	of	P	O
	no	D	B-ADR
	sleep	N	I-ADR
	is	V	O
	brought	V	O
	to	P	O
	you	O	O
	by	P	O
	vyvanse.	^	O
	?	,	O
	0	0	O
Sentence: 390	@URL	@	O
	yeaa	!	O
	bihh	N	O
	all	D	O
	jacked	V	B-ADR
	up	T	I-ADR
	on	P	O
	vyvanse!??	^	O
	0	0	O
Sentence: 391	ugh	!	O
	i	O	O
	wish	V	O
	my	D	O
	vyvanse	N	O
	didn't	V	O
	make	V	O
	my	D	O
	stomach	N	B-ADR
	hurt	V	I-ADR
	so	R	O
	bad???	A	O
	0	0	O
Sentence: 392	alright.	!	O
	so	R	O
	right	R	O
	now.	R	O
	i	O	O
	need.	V	O
	some	D	O
	ritalin,	N	O
	adderall,	N	O
	cocaine,	N	O
	or	&	O
	vyvanse.	V	O
	any	D	O
	help	N	O
	would	V	O
	be	V	O
	appreciated.	N	O
	0	0	O
Sentence: 393	i	O	O
	wish	V	O
	my	D	O
	psych	N	O
	would	V	O
	stop	V	O
	fucking	V	O
	me	O	O
	and	&	O
	just	R	O
	put	V	O
	me	O	O
	on	P	O
	adder	N	O
	all	D	O
	vyvanse	N	O
	sucks	V	O
	dick	N	O
	0	0	O
Sentence: 394	so	R	O
	i	O	O
	took	V	O
	2	$	O
	vyvanse	P	O
	this	D	O
	morning..i	N	O
	think	V	O
	i'm	L	O
	about	P	O
	to	P	O
	have	V	O
	a	D	O
	heart	N	B-ADR
	attack?????	N	I-ADR
	0	0	O
Sentence: 395	i	O	O
	usually	R	O
	hate	V	O
	texting	V	O
	with	P	O
	a	D	O
	passion	N	O
	but	&	O
	when	R	O
	i'm	L	O
	on	P	O
	that	D	O
	good	A	O
	vyvanse	N	O
	and	&	O
	special	A	O
	k	P	O
	it	O	O
	ain't	V	O
	no	D	O
	stopin	V	O
	me	O	O
	#ayoungniggakeepinthestreesclean	#	O
	0	0	O
Sentence: 396	not	R	O
	taking	V	O
	vyvanse	N	O
	after	P	O
	3	$	O
	weeks	N	O
	of	P	O
	taking	V	O
	it	O	O
	is	V	O
	like	P	O
	waking	V	O
	up	T	O
	in	P	O
	a	D	O
	katy	^	O
	perry	^	O
	video.	N	O
	cotton	N	O
	candy,	N	O
	fireworks,	N	O
	sunshine	N	O
	&	&	O
	whipcream	N	O
	evrywhr	N	O
	0	0	O
Sentence: 397	i'm	L	O
	so	R	O
	irritable	A	B-ADR
	when	R	O
	my	D	O
	vyvanse	N	O
	wears	V	O
	off	T	O
	#fuckkk	#	O
	0	0	O
Sentence: 398	vyvanse	^	O
	makes	V	O
	my	D	O
	brain	N	O
	crazier	A	B-ADR
	than	P	O
	it	O	O
	already	R	O
	is.	V	O
	0	0	O
Sentence: 399	alright	!	O
	time	N	O
	to	P	O
	find	V	O
	out	T	O
	if	P	O
	a	D	O
	shit	N	O
	ton	N	O
	of	P	O
	vyvanse	^	O
	and	&	O
	not	R	B-ADR
	sleeping	V	I-ADR
	for	P	O
	2	$	O
	days	N	O
	can	V	O
	get	V	O
	a	D	O
	trimester	N	O
	worth	N	O
	of	P	O
	homework	N	O
	done	V	O
	for	P	O
	2	$	O
	classes	N	O
	0	0	O
Sentence: 400	fda	^	O
	needs	V	O
	a	D	O
	warning	N	O
	label	N	O
	for	P	O
	vyvanse:	^	O
	""use	V	O
	of	P	O
	of	P	O
	this	D	O
	drug	N	O
	may	V	O
	result	V	O
	in	P	O
	major	A	O
	ocd/many	A	B-ADR
	unneeded	A	O
	hours	N	O
	at	P	O
	work""	N	O
	http://t.co/o7pqc782di	U	O
	0	0	O
Sentence: 401	playing	V	O
	league	N	O
	while	P	O
	on	P	O
	vyvanse	^	O
	is	V	O
	too	R	O
	damn	R	O
	stressful.	A	B-ADR
	back	N	O
	to	P	O
	public	A	O
	i	O	O
	go!	V	O
	0	0	O
Sentence: 402	@URL	@	O
	#zimmerman	^	O
	was	V	O
	removed	V	O
	from	P	O
	vyvanse	^	O
	for	P	O
	mood	N	O
	swings	N	O
	before	P	O
	he	O	O
	was	V	O
	put	V	O
	on	P	O
	adderall	N	O
	see	V	O
	med	N	O
	report:	N	O
	http://t.co/4qqrotmzie	U	O
	0	0	O
Sentence: 403	thank	V	O
	you	O	O
	vyvanse	V	O
	for	P	O
	this	D	O
	great	A	O
	mood	N	O
	i'm	L	O
	in	P	O
	?	,	O
	0	0	O
Sentence: 404	fuck	V	O
	molly	^	O
	.	,	O
	vyvanse	N	O
	is	V	O
	what	O	O
	gets	V	O
	ya	O	O
	sweatin	V	B-ADR
	0	0	O
Sentence: 405	it	O	O
	feels	V	O
	like	P	O
	my	D	O
	brain	N	B-ADR
	is	V	I-ADR
	melting.	A	I-ADR
	360mg	N	O
	of	P	O
	vyvanse	^	O
	in	P	O
	24	$	O
	hours...	N	O
	not	R	O
	smart	A	O
	danielle.	^	O
	not	R	O
	smart.	A	O
	0	0	O
Sentence: 406	vyvanse	^	O
	is	V	O
	really	R	O
	taking	V	O
	its	L	O
	toll	N	O
	now	R	O
	#headache	#	B-ADR
	#anger	#	I-ADR
	0	0	O
Sentence: 407	vyvanse	^	O
	keep	V	O
	me	O	O
	straight	R	O
	but	&	O
	i	O	O
	can't	V	B-ADR
	eat	V	I-ADR
	shit	N	O
	when	R	O
	i'm	L	O
	on	P	O
	em	O	O
	0	0	O
Sentence: 408	vyvanse	^	O
	makes	V	O
	me	O	O
	having	V	O
	the	D	O
	sleeping	V	B-ADR
	schedule	N	I-ADR
	of	P	I-ADR
	a	D	I-ADR
	fucking	A	I-ADR
	vampire.	N	I-ADR
	0	0	O
Sentence: 409	i	O	O
	lost	V	B-ADR
	17	$	I-ADR
	pounds	N	I-ADR
	on	P	O
	vyvanse	^	O
	&	&	O
	that's	L	O
	why	R	O
	life	N	O
	is	V	O
	wonderful	A	O
	0	0	O
Sentence: 410	popped	V	O
	a	D	O
	vyvanse	N	O
	i'm	L	O
	tweak.	V	B-ADR
	whoop	!	O
	0	0	O
Sentence: 411	popped	V	O
	a	D	O
	vyvanse	N	O
	i'm	L	O
	tweaking.	V	B-ADR
	whoop	!	O
	0	0	O
Sentence: 412	@URL	@	O
	word.	N	O
	i've	L	O
	been	V	O
	fuckin	V	O
	tweakin	V	B-ADR
	out	T	I-ADR
	on	P	O
	vyvanse	^	O
	and	&	O
	writing	V	O
	hella	D	O
	verses	N	O
	0	0	O
Sentence: 413	am	V	O
	i	O	O
	the	D	O
	only	A	O
	one	$	O
	that	P	O
	grinds	V	B-ADR
	the	D	I-ADR
	shit	N	I-ADR
	out	P	I-ADR
	of	P	I-ADR
	their	D	I-ADR
	teeth	N	I-ADR
	on	P	O
	vyvanse?	^	O
	#cantbetheonlyone	#	O
	#icouldstudyforfinalsidonthave	#	O
	0	0	O
Sentence: 414	vyvanse	^	O
	completely	R	O
	gets	V	O
	rid	A	B-ADR
	of	P	I-ADR
	my	D	I-ADR
	appetite.	N	I-ADR
	not	R	O
	quite	R	O
	sure	A	O
	how	R	O
	to	P	O
	feel	V	O
	about	P	O
	this.	O	O
	0	0	O
Sentence: 415	@URL	@	O
	hungover	A	O
	shakes	V	B-ADR
	+	&	O
	vyvanse	^	O
	shakes	V	O
	+	&	O
	coffee	N	O
	=	,	O
	recipe	N	O
	for	P	O
	success	N	O
	0	0	O
Sentence: 416	rt	~	O
	@URL:	N	O
	is	V	O
	it	O	O
	hot	A	B-ADR
	in	P	O
	here	R	O
	or	&	O
	is	V	O
	my	D	O
	vyvanse	N	O
	just	R	O
	kicking	V	O
	in?	P	O
	0	0	O
Sentence: 417	@URL	@	O
	i	O	O
	took	V	O
	a	D	O
	vyvanse	N	O
	and	&	O
	drank	V	O
	a	D	O
	12oz	$	O
	redbull	N	O
	this	D	O
	morning.	N	O
	my	D	O
	heart	N	B-ADR
	was	V	I-ADR
	hurting	V	I-ADR
	a	D	O
	lil	A	O
	bit	N	O
	haha	!	O
	0	0	O
Sentence: 418	young	A	O
	nigga	N	O
	just	R	O
	gave	V	O
	me	O	O
	a	D	O
	70mg	N	O
	vyvanse,	V	O
	these	D	O
	things	N	O
	can	V	O
	twerk	V	B-ADR
	me	O	I-ADR
	out	T	I-ADR
	thank	V	O
	goodness	^	O
	for	P	O
	my	D	O
	script	N	O
	of	P	O
	xanax	^	O
	0	0	O
Sentence: 419	rt	~	O
	@URL:	V	O
	all	D	B-ADR
	nighter	N	I-ADR
	is	V	O
	killing	V	O
	me	O	O
	right	R	O
	now,	R	O
	i	O	O
	hate	V	O
	you	O	O
	vyvanse	V	O
	0	0	O
Sentence: 420	dad	N	O
	walks	V	O
	in	T	O
	on	P	O
	me	O	O
	cutting	V	O
	open	V	O
	my	D	O
	vyvanse	N	O
	pill	N	O
	pours	V	O
	himself	O	O
	some	D	O
	wine	N	O
	and	&	O
	walks	V	O
	out	T	O
	0	0	O
Sentence: 421	oh	!	O
	my	D	O
	god.	N	O
	it's	L	O
	5:19am	$	O
	and	&	O
	i	O	O
	am	V	O
	just	R	O
	now	R	O
	realizing	V	O
	that	D	O
	i	O	O
	accidentally	R	O
	took	V	O
	a	D	O
	vyvanse	N	O
	at	P	O
	11pm...	$	O
	that	P	O
	explains	V	O
	why	R	O
	i	O	O
	can't	V	B-ADR
	sleep.	V	I-ADR
	0	0	O
Sentence: 422	feed	V	O
	an	D	O
	ocd	A	O
	vyvanse	N	O
	and	&	O
	cover	V	O
	him	O	O
	in	P	O
	crayons	N	O
	0	0	O
Sentence: 423	rt	~	O
	@URL:	N	O
	@URL	@	O
	maybe	R	O
	it's	L	O
	just	R	O
	a	D	O
	vyvanse	N	O
	addict	N	B-ADR
	thing	N	O
	rt	V	O
	@URL:	N	O
	nothing	N	O
	more	R	O
	satisfying	A	O
	than	P	O
	crossing	V	O
	something	N	O
	ofà	G	O
	0	0	O
Sentence: 424	1	$	O
	power	N	O
	point,	N	O
	2	$	O
	short	A	O
	stories,	N	O
	half	N	O
	of	P	O
	a	D	O
	small	A	O
	book,	N	O
	and	&	O
	an	D	O
	epic	N	O
	poem	N	O
	=	,	O
	#longnight	#	O
	and	&	O
	#vyvanse	#	O
	0	0	O
Sentence: 425	i	O	O
	haven't	V	B-ADR
	slept	V	I-ADR
	in	P	O
	2	$	O
	days	N	O
	due	A	O
	to	P	O
	#vyvanse	#	O
	0	0	O
Sentence: 426	i	O	O
	feel	V	O
	like	P	O
	wonder	A	O
	women	N	O
	when	R	O
	my	D	O
	vyvanse	N	O
	starts	V	O
	kickin	V	O
	in	P	O
	#magicpill	#	O
	0	0	O
Sentence: 427	rt	~	O
	@URL:	N	O
	just	R	O
	wondering	V	O
	where	R	O
	the	D	O
	side	N	O
	effect	N	O
	of	P	O
	hating	V	B-ADR
	the	D	I-ADR
	world	N	I-ADR
	is	V	O
	stated	V	O
	on	P	O
	vyvanse	^	O
	advertisements?	N	O
	0	0	O
Sentence: 428	why	R	O
	is	V	O
	my	D	O
	brain	N	B-ADR
	so	R	I-ADR
	retarded	A	I-ADR
	when	R	O
	my	D	O
	vyvanse	N	O
	wears	V	O
	off?	T	O
	0	0	O
Sentence: 429	it's	L	O
	about	P	O
	to	P	O
	be	V	O
	a	D	O
	lovely	A	O
	vyvanse	N	O
	night,	N	O
	too	R	O
	bad	A	O
	i	O	O
	ate	V	O
	0	0	O
Sentence: 430	trampeze	^	O
	showed	V	O
	that	O	O
	zoledronic	V	O
	acid	N	O
	and	&	O
	strontium-89	$	O
	had	V	O
	no	D	O
	significant	A	O
	effect	N	O
	on	P	O
	clinical	A	O
	progression	N	O
	free	A	O
	survival.	N	O
	#asco	#	O
	0	0	O
Sentence: 431	@URL	@	O
	thats	L	O
	the	D	O
	prob	N	O
	with	P	O
	zyprexa	N	O
	its	L	O
	for	P	O
	ppl	N	O
	with	P	O
	bi-polar	A	B-ADR
	or	&	O
	schizophrenia	N	O
	its	L	O
	really	R	O
	strong	A	O
	when	R	O
	you	O	O
	wake	V	O
	up	T	O
	your	D	O
	drowsy	A	B-ADR
	for	P	O
	6	$	O
	hrs	N	O
	0	0	O
Sentence: 432	can	V	O
	you	O	O
	stop	V	O
	pacing	V	O
	up	T	O
	and	&	O
	down	R	O
	on	P	O
	the	D	O
	train	N	O
	and	&	O
	get	V	O
	some	D	O
	zyprexa	N	O
	you	O	O
	psycho	A	O
	0	0	O
Sentence: 433	rt	~	O
	@URL:	N	O
	fda	^	O
	investigating	V	O
	2	$	O
	deaths	N	O
	that	P	O
	occurred	V	O
	after	P	O
	patients	N	O
	were	V	O
	injected	V	O
	with	P	O
	$lly	^	O
	antipsychotic	^	O
	zyprexa	N	O
	relprevv.	G	O
	$lly	G	O
	http:à	U	O
	0	0	O
Sentence: 434	rt	~	O
	@URL:	N	O
	#fda	N	O
	drug	N	O
	safety	N	O
	communication:	N	O
	fda	^	O
	is	V	O
	investigating	V	O
	two	$	O
	deaths	N	O
	following	V	O
	injection	N	O
	of	P	O
	#zyprexa	N	O
	relprevv	N	O
	http://t.co/xrà	U	O
	0	0	O
Sentence: 435	@URL	@	O
	@URL	@	O
	guys!	N	O
	you	O	O
	are	V	O
	delusional!	A	O
	you	O	O
	should	V	O
	seek	V	O
	help!	V	O
	risperdal	N	O
	or	&	O
	zyprexa	N	O
	would	V	O
	do	V	O
	the	D	O
	job!	N	O
	0	0	O
Sentence: 436	i	O	O
	can't	V	O
	even	R	O
	fucking	V	O
	restrict	V	O
	anymore.	R	O
	i	O	O
	just	R	B-ADR
	eat,	V	I-ADR
	and	&	I-ADR
	eat.	V	I-ADR
	maybe	R	O
	it's	L	O
	bc	P	O
	of	P	O
	the	D	O
	zyprexa.	N	O
	the	D	O
	other	A	O
	med	N	O
	should	V	O
	help	V	O
	with	P	O
	that,	D	O
	but	&	O
	idk.	L	O
	0	0	O
Sentence: 437	@URL	@	O
	zyprexa	N	O
	had	V	O
	me	O	O
	sleep	V	B-ADR
	walking!!!	V	I-ADR
	0	0	O
